Unnamed: 0,job_title,job_type,experience_level,location,salary_currency,salary,salary_normalized,PCA_Component_1,PCA_Component_2
0,Data scientist,Full Time,Senior,New York City,USD,149000,0.6010101010101011,0.5177457360638936,-0.11899720913216034
2,Data scientist,Full Time,Senior,Boston,USD,120000,0.4545454545454546,0.5035775273383726,-0.08741743409449239
3,Data scientist,Full Time,Senior,London,USD,68000,0.1919191919191919,0.4559473981078824,-0.12264472963321797
4,Data scientist,Full Time,Senior,Boston,USD,120000,0.4545454545454546,0.5035775273383726,-0.08741743409449221
5,Data scientist,Full Time,Senior,New York City,USD,149000,0.6010101010101011,0.517745736063893,-0.11899720913215926
6,Data scientist,Full Time,Senior,London,USD,68000,0.1919191919191919,0.4559473981078824,-0.12264472963321797
7,Data scientist,Full Time,Senior,Research Triangle Park,USD,69000,0.196969696969697,0.4662971417634058,-0.057913925954960734
8,Data scientist,Full Time,Senior,Sydney,USD,68000,0.1919191919191919,0.4636477880285021,-0.06390034089420689
9,Data scientist,Full Time,Senior,San Francisco,USD,140000,0.5555555555555556,0.547107634779035,-0.11126796362151156
10,Data scientist,Full Time,Senior,Sofia,USD,68000,0.1919191919191919,0.4648078424440665,-0.05130450760107233
12,Data scientist,Full Time,Entry,BangPa-in,USD,35000,0.02525252525252525,-0.43282166413133394,1.019386481098091
15,Data scientist,Full Time,Senior,Berlin,USD,68000,0.1919191919191919,0.4726935729515432,-0.07059213156915957
17,Data scientist,Full Time,Senior,NAMER,USD,68000,0.1919191919191919,0.46473866701563576,-0.05702210954226929
18,Data scientist,Full Time,Senior,Remote,USD,68000,0.1919191919191919,0.4845779165518837,-0.08524326804272142
20,Data scientist,Full Time,Senior,San Jose,USD,68000,0.1919191919191919,0.4718115765145264,-0.0577209343300691
22,Data scientist,Full Time,Senior,Petaling Jaya,USD,55000,0.12626262626262627,0.45784058666533917,-0.04986525470378934
23,Data scientist,Full Time,Senior,Englewood,USD,68000,0.1919191919191919,0.46473866701563576,-0.05702210954226957
24,Data scientist,Full Time,Senior,Pune,USD,68000,0.1919191919191919,0.46571746031014344,-0.05960936110795494
25,Data scientist,Full Time,Senior,London,USD,68000,0.1919191919191919,0.4559473981078824,-0.12264472963321797
26,Data scientist,Full Time,Mid,Remote,USD,40000,0.0505050505050505,-0.9130731684002338,-0.3077330673992565
27,Data scientist,Full Time,Entry,Paris,USD,36000,0.030303030303030304,-0.46412368515426655,1.081315512372105
28,Data scientist,Internship,Entry,Paris,USD,36000,0.030303030303030304,-0.5030366050971348,1.309858076259887
30,Data scientist,Full Time,Mid,Gothenburg,USD,40000,0.0505050505050505,-0.9359932434215574,-0.2808230497261459
31,Data scientist,Internship,Entry,Mountain View,USD,56000,0.1313131313131313,-0.4606541373259124,1.2575029965022626
32,Data scientist,Full Time,Executive,San Francisco,USD,130000,0.5050505050505051,-0.2226900519869526,0.18845783454600284
34,Data scientist,Full Time,Senior,San Jose,USD,68000,0.1919191919191919,0.4718115765145264,-0.0577209343300691
35,Data scientist,Full Time,Senior,Porto,USD,56000,0.1313131313131313,0.4584129725279684,-0.04692601324241759
36,Data scientist,Internship,Entry,Mountain View,USD,56000,0.1313131313131313,-0.4606541373259124,1.2575029965022626
37,Data scientist,Full Time,Senior,Ontario,USD,68000,0.1919191919191919,0.4657594997289736,-0.05734391319836802
38,Data scientist,Full Time,Senior,Brooklyn,USD,104000,0.3737373737373738,0.49253021216104453,-0.08721871664245678
40,Data scientist,Full Time,Mid,Sydney,USD,62000,0.16161616161616163,-0.9223552980294858,-0.2984307847869904
41,Data scientist,Full Time,Senior,Remote- US,USD,150000,0.6060606060606061,0.5128002498479988,-0.10471432230457263
42,Data scientist,Full Time,Senior,Cambridge,USD,68000,0.1919191919191919,0.46468783882656006,-0.06173030847744083
44,Data scientist,Full Time,Mid,La Libertad,USD,40000,0.0505050505050505,-0.9401261904433083,-0.2842049639945227
45,Data scientist,Full Time,Senior,San Francisco,USD,161000,0.6616161616161617,0.5582261791779773,-0.12276130613338501
47,Data scientist,Full Time,Senior,London,USD,68000,0.1919191919191919,0.4559473981078824,-0.12264472963321797
48,Data scientist,Full Time,Senior,Lithuania | UK,USD,68000,0.1919191919191919,0.46473866701563576,-0.05702210954226961
50,Data scientist,Full Time,Senior,Chicago,USD,68000,0.1919191919191919,0.46781883137254754,-0.05924575581250599
51,Data scientist,Full Time,Senior,Remote,USD,68000,0.1919191919191919,0.4845779165518837,-0.08524326804272142
52,Data scientist,Full Time,Senior,Remote- US,USD,150000,0.6060606060606061,0.5128002498479988,-0.10471432230457263
53,Data scientist,Full Time,Mid,United Kingdom - Remote,USD,40000,0.0505050505050505,-0.9442959024499449,-0.28766852179118846
55,Data scientist,Full Time,Senior,Santiago,USD,68000,0.1919191919191919,0.46061936218968874,-0.06038838631347133
57,Data scientist,Full Time,Senior,Nairobi,USD,68000,0.1919191919191919,0.4626812254025843,-0.05868878154789678
60,Data scientist,Full Time,Mid,Luxembourg,USD,40000,0.0505050505050505,-0.9359932434215574,-0.2808230497261456
61,Data scientist,Full Time,Senior,San Francisco OR Remote US Canada,USD,68000,0.1919191919191919,0.46473866701563576,-0.0570221095422697
62,Data scientist,Full Time,Senior,Paris,USD,68000,0.1919191919191919,0.43093306160163514,0.01176037847371688
63,Data scientist,Full Time,Mid,Lyon,USD,40000,0.0505050505050505,-0.9420722414761755,-0.2720397241397947
64,Data scientist,Full Time,Senior,Montreal,USD,56000,0.1313131313131313,0.46361248096570945,-0.04618579009295478
65,Data scientist,Full Time,Senior,Remote,USD,68000,0.1919191919191919,0.4845779165518837,-0.08524326804272142
66,Data scientist,Full Time,Entry,Princeton,USD,74000,0.22222222222222224,-0.4121274230804451,0.9979159165826504
67,Data scientist,Full Time,Mid,California,USD,40000,0.0505050505050505,-0.9359932434215574,-0.2808230497261456
68,Data scientist,Full Time,Senior,Athens,USD,68000,0.1919191919191919,0.4533397856455403,-0.06794327339563455
69,Data scientist,Internship,Senior,London,USD,56000,0.1313131313131313,0.4106810242227614,0.11246545854706318
70,Data scientist,Full Time,Entry,Charenton-Le-Pont,USD,36000,0.030303030303030304,-0.4312745684383363,1.0185515137417838
72,Data scientist,Full Time,Senior,San Francisco,USD,68000,0.1919191919191919,0.508986911125519,-0.0718622178665166
73,Data scientist,Full Time,Senior,Aberdeen,USD,68000,0.1919191919191919,0.46473866701563576,-0.05702210954226981
75,Data scientist,Full Time,Mid,Brampton,USD,40000,0.0505050505050505,-0.9591818290475911,-0.3004922847002394
78,Data scientist,Full Time,Senior,Salt Lake City,USD,68000,0.1919191919191919,0.4657653479712912,-0.05736013514997823
79,Data scientist,Full Time,Mid,Munich,USD,40000,0.0505050505050505,-0.9382237758674788,-0.28721354197327154
80,Data scientist,Full Time,Mid,Oslo,USD,40000,0.0505050505050505,-0.9400076657435597,-0.27033549839753135
81,Data scientist,Full Time,Senior,Basel,USD,68000,0.1919191919191919,0.46884570822612504,-0.05832272107220896
82,Data scientist,Full Time,Mid,Düsseldorf,USD,40000,0.0505050505050505,-0.939125058312636,-0.2845357995969376
83,Data scientist,Full Time,Entry,Paris,USD,36000,0.030303030303030304,-0.46412368515426655,1.081315512372105
84,Data scientist,Full Time,Senior,Madrid,EUR,36000,0.030303030303030304,0.45286692349348173,-0.03479569635328324
85,Data scientist,Full Time,Mid,Austin,USD,40000,0.0505050505050505,-0.9380168697743507,-0.276764996778932
86,Data scientist,Full Time,Mid,Dallas,USD,40000,0.0505050505050505,-0.9402506063712508,-0.2892132465356773
88,Data scientist,Full Time,Senior,Warsaw,USD,120000,0.4545454545454546,0.48298308604346296,-0.09745637464762985
89,Data scientist,Full Time,Mid,Houston,USD,40000,0.0505050505050505,-0.9432135082630831,-0.27977154462831044
90,Data scientist,Full Time,Senior,Hyderabad,USD,68000,0.1919191919191919,0.4663682985979298,-0.05478112750440113
92,Data scientist,Full Time,Senior,Sofia,USD,68000,0.1919191919191919,0.4648078424440665,-0.05130450760107233
93,Data scientist,Full Time,Senior,Boston,USD,110000,0.4040404040404041,0.4982829823864953,-0.08194441385074293
94,Data scientist,Full Time,Senior,Paris,USD,68000,0.1919191919191919,0.43093306160163514,0.01176037847371688
95,Data scientist,Full Time,Senior,Zurich,USD,68000,0.1919191919191919,0.46473866701563576,-0.05702210954226942
96,Data scientist,Full Time,Senior,London,USD,68000,0.1919191919191919,0.4559473981078824,-0.12264472963321797
97,Data scientist,Full Time,Senior,London,USD,68000,0.1919191919191919,0.4559473981078824,-0.12264472963321797
98,Data scientist,Full Time,Senior,New York City,USD,81000,0.25757575757575757,0.48174283039112753,-0.08178067147466409
99,Data scientist,Full Time,Entry,Palaiseau,USD,36000,0.030303030303030304,-0.43229104256592654,1.0188359538028222
100,Data scientist,Full Time,Entry,Burnaby,USD,36000,0.030303030303030304,-0.43324604160742675,1.0248755848320956
102,Data scientist,Full Time,Senior,Lisbon,USD,68000,0.1919191919191919,0.4667483956774377,-0.05995136714715381
103,Data scientist,Full Time,Senior,Tel Aviv-Yafo,USD,68000,0.1919191919191919,0.46679657517020395,-0.05770219228768154
104,Data scientist,Full Time,Mid,United Kingdom - Remote,USD,40000,0.0505050505050505,-0.9442959024499449,-0.28766852179118846
105,Data scientist,Full Time,Senior,United States,USD,152000,0.6161616161616162,0.531253198627899,-0.10968831348274677
106,Data scientist,Full Time,Mid,Toronto,USD,40000,0.0505050505050505,-0.9334254958457419,-0.2808018707483521
107,Data scientist,Full Time,Senior,Indianapolis,USD,68000,0.1919191919191919,0.46781710596555637,-0.05800567039285048
109,Data scientist,Full Time,Mid,Athens,USD,51000,0.10606060606060605,-0.9384872998595118,-0.2964533950202938
111,Data scientist,Full Time,Mid,New York City,USD,40000,0.0505050505050505,-0.9227911629984306,-0.297155544514325
112,Data scientist,Full Time,Senior,New York,USD,95000,0.3282828282828283,0.48341532591248365,-0.07386950588820793
113,Data scientist,Full Time,Senior,London,USD,68000,0.1919191919191919,0.4559473981078824,-0.12264472963321797
115,Data scientist,Full Time,Mid,Dayton,USD,40000,0.0505050505050505,-0.9380610000090216,-0.28248776096048495
116,Data scientist,Full Time,Senior,Seoul,USD,68000,0.1919191919191919,0.4700168456432373,-0.04661100301657535
117,Data scientist,Full Time,Entry,Glasgow,USD,36000,0.030303030303030304,-0.43229104256592654,1.0188359538028229
118,Data scientist,Full Time,Mid,Emeryville,USD,135000,0.5303030303030304,-0.8915146720300571,-0.3390199574763981
120,Data scientist,Full Time,Entry,Massy - France,USD,36000,0.030303030303030304,-0.4332460416074269,1.0248755848320732
121,Data scientist,Full Time,Senior,San Francisco,USD,68000,0.1919191919191919,0.508986911125519,-0.0718622178665166
123,Data scientist,Full Time,Mid,Paris,EUR,50000,0.10101010101010102,-0.9614234783986048,-0.21620244112656747
125,Data scientist,Full Time,Senior,Belo Horizonte,USD,68000,0.1919191919191919,0.46473866701563576,-0.05702210954226954
127,Data scientist,Full Time,Senior,Oakville,USD,68000,0.1919191919191919,0.4667965751702045,-0.057702192288095595
130,Data scientist,Full Time,Senior,Midrand,USD,68000,0.1919191919191919,0.46473866701563576,-0.057022109542269536
131,Data scientist,Full Time,Mid,Roppongi,USD,40000,0.0505050505050505,-0.9525046437611308,-0.28096416462199914
132,Data scientist,Full Time,Senior,Solna,USD,68000,0.1919191919191919,0.46473866701563576,-0.05702210954226942
133,Data scientist,Full Time,Senior,Santa Clara,USD,68000,0.1919191919191919,0.47124810551042695,-0.04503792145394382
134,Data scientist,Full Time,Mid,Emeryville,USD,120000,0.4545454545454546,-0.8994564894578728,-0.3308104271107741
137,Data scientist,Full Time,Senior,Boston,USD,68000,0.1919191919191919,0.4760458935886109,-0.05895772882699587
139,Data scientist,Full Time,Entry,Calabasas,USD,120000,0.4545454545454546,-0.3885753630697866,0.9783571572105189
141,Data scientist,Full Time,Senior,Bangkok,USD,68000,0.1919191919191919,0.4754618529356147,-0.08031820796110802
142,Data scientist,Full Time,Senior,London,USD,68000,0.1919191919191919,0.4559473981078824,-0.12264472963321797
143,Data scientist,Full Time,Mid,Ahmedabad,USD,40000,0.0505050505050505,-0.938057491063631,-0.2824974941314945
144,Data scientist,Full Time,Senior,Lisbon,USD,68000,0.1919191919191919,0.4667483956774377,-0.05995136714715381
145,Data scientist,Full Time,Entry,Roppongi,USD,56000,0.1313131313131313,-0.43932121566116067,1.0001347281454247
146,Data scientist,Full Time,Senior,Remote,USD,68000,0.1919191919191919,0.4845779165518837,-0.08524326804272142
147,Data scientist,Full Time,Senior,Brooklyn,USD,196000,0.8383838383838385,0.5412400257183152,-0.13757050288495035
148,Data scientist,Full Time,Senior,Dallas,USD,68000,0.1919191919191919,0.4574004785808664,-0.0667234471791423
149,Data scientist,Full Time,Senior,New York City,USD,125000,0.4797979797979799,0.5050388281793874,-0.10586196054716103
150,Data scientist,Full Time,Entry,Lisboa,USD,36000,0.030303030303030304,-0.4322910425659266,1.0188359538028227
151,Data scientist,Full Time,Senior,Markham,USD,68000,0.1919191919191919,0.4626812254025843,-0.058688781547912405
152,Data scientist,Full Time,Senior,Athina,USD,68000,0.1919191919191919,0.46473866701563576,-0.05702210954226958
153,Data scientist,Full Time,Mid,London,USD,40000,0.0505050505050505,-0.9417036868442352,-0.345134528989753
154,Data scientist,Full Time,Mid,Berlin,USD,40000,0.0505050505050505,-0.9249575120005742,-0.29308193092569473
155,Data scientist,Full Time,Senior,Chicago,USD,68000,0.1919191919191919,0.46781883137254754,-0.05924575581250599
156,Data scientist,Full Time,Entry,Norfolk,USD,36000,0.030303030303030304,-0.4312687201960188,1.0185352917902095
157,Data scientist,Full Time,Senior,Boston,USD,68000,0.1919191919191919,0.4760458935886109,-0.05895772882699587
158,Data scientist,Full Time,Senior,Remote (DC),USD,68000,0.1919191919191919,0.46473866701563576,-0.05702210954226898
159,Data scientist,Full Time,Senior,Bengaluru,USD,68000,0.1919191919191919,0.4592213570014138,-0.08587518941766636
160,Data scientist,Full Time,Senior,Tel Aviv-Yafo,USD,68000,0.1919191919191919,0.46679657517020395,-0.05770219228768154
161,Data scientist,Full Time,Mid,Houston,USD,40000,0.0505050505050505,-0.9432135082630831,-0.27977154462831044
162,Data scientist,Full Time,Senior,Seattle,USD,68000,0.1919191919191919,0.47003772752199907,-0.04888783776210768
163,Data scientist,Full Time,Senior,Norfolk,USD,68000,0.1919191919191919,0.463788026559883,-0.05101984210817843
164,Data scientist,Full Time,Senior,Belfast,USD,68000,0.1919191919191919,0.46473866701563576,-0.05702210954226932
165,Data scientist,Full Time,Senior,Toronto,USD,68000,0.1919191919191919,0.4642255891063755,-0.0583120713918171
166,Data scientist,Full Time,Mid,Toronto,USD,40000,0.0505050505050505,-0.9334254958457419,-0.2808018707483521
167,Data scientist,Full Time,Senior,Remote - United States,USD,68000,0.1919191919191919,0.47211680236057507,-0.059744676755311366
168,Data scientist,Full Time,Entry,Toronto,USD,36000,0.030303030303030304,-0.4308311576495262,1.0112430625065707
169,Data scientist,Full Time,Senior,Tampa,USD,68000,0.1919191919191919,0.4656735349549718,-0.055989119353066046
170,Data scientist,Full Time,Senior,Berlin,USD,68000,0.1919191919191919,0.4726935729515432,-0.07059213156915957
171,Data scientist,Full Time,Mid,Düsseldorf,USD,40000,0.0505050505050505,-0.939125058312636,-0.2845357995969376
172,Data scientist,Full Time,Senior,Düsseldorf,USD,68000,0.1919191919191919,0.4585260266394814,-0.06204600024040254
174,Data scientist,Full Time,Entry,Amsterdam,USD,36000,0.030303030303030304,-0.42600462487084273,1.0167394904671865
175,Data scientist,Full Time,Senior,Amsterdam,USD,68000,0.1919191919191919,0.46905212188505924,-0.052815643431201445
177,Data scientist,Full Time,Mid,Munich,USD,40000,0.0505050505050505,-0.9382237758674788,-0.28721354197327154
178,Data scientist,Full Time,Mid,Lyon,USD,51000,0.10606060606060605,-0.9362482420291105,-0.27806004640791887
179,Data scientist,Full Time,Senior,Basel,USD,68000,0.1919191919191919,0.46884570822612504,-0.05832272107220896
180,Data scientist,Full Time,Mid,Oslo,USD,40000,0.0505050505050505,-0.9400076657435597,-0.27033549839753135
181,Data scientist,Full Time,Senior,Longueuil,USD,68000,0.1919191919191919,0.4657653479712911,-0.057360135149924725
182,Data scientist,Full Time,Senior,Glattbrugg,USD,56000,0.1313131313131313,0.4583712082307469,-0.05041578199905726
183,Data scientist,Full Time,Senior,New York City,USD,70000,0.20202020202020202,0.4759188309440625,-0.07576034920653986
184,Data scientist,Full Time,Senior,Atlanta,USD,120000,0.4545454545454546,0.4996721433191438,-0.08827166283217713
185,Data scientist,Full Time,Senior,Toronto,USD,68000,0.1919191919191919,0.46422558910637596,-0.05831207139181709
186,Data scientist,Full Time,Mid,Barcelona,USD,40000,0.0505050505050505,-0.9453738760468946,-0.27190647728482326
187,Data scientist,Full Time,Mid,London,USD,51000,0.10606060606060605,-0.93587968739717,-0.3511548512578773
188,Data scientist,Full Time,Senior,Madrid,EUR,36000,0.030303030303030304,0.45286692349348173,-0.03479569635328324
189,Data scientist,Full Time,Mid,Abu Dhabi,USD,51000,0.10606060606060605,-0.9332599394908524,-0.29067103797690974
190,Data scientist,Full Time,Mid,Berlin,USD,40000,0.0505050505050505,-0.9249575120005742,-0.29308193092569473
191,Data scientist,Full Time,Senior,Fort Bragg,USD,68000,0.1919191919191919,0.46473866701563576,-0.05702210954226926
192,Data scientist,Full Time,Senior,Remote - US,USD,68000,0.1919191919191919,0.4657653479712911,-0.0573601351499628
193,Data scientist,Full Time,Senior,San Francisco,USD,129000,0.5,0.5412836353319701,-0.10524764135338732
194,Data scientist,Full Time,Mid,Singapore,USD,51000,0.10606060606060605,-0.9319898375093356,-0.27638407946933774
195,Data scientist,Full Time,Senior,Toronto,USD,68000,0.1919191919191919,0.4642255891063755,-0.0583120713918171
197,Data scientist,Full Time,Senior,Berlin,USD,120000,0.4545454545454546,0.5002252067013048,-0.09905183683665589
198,Data scientist,Full Time,Mid,London,USD,40000,0.0505050505050505,-0.9417036868442352,-0.345134528989753
199,Data scientist,Full Time,Mid,Brampton,USD,40000,0.0505050505050505,-0.9591818290475911,-0.3004922847002394
200,Data scientist,Full Time,Senior,UK,USD,68000,0.1919191919191919,0.46575949972897357,-0.05734391319840258
201,Data scientist,Full Time,Senior,Aarhus,USD,68000,0.1919191919191919,0.46679657517020384,-0.057702192287908495
203,Data scientist,Full Time,Senior,Canada,USD,68000,0.1919191919191919,0.46881273957011144,-0.05823023334177094
205,Data scientist,Full Time,Mid,Remote,USD,115000,0.4292929292929293,-0.8733640812611542,-0.3487807192273763
206,Data scientist,Full Time,Senior,Berlin,USD,120000,0.4545454545454546,0.5002252067013048,-0.09905183683665589
207,Data scientist,Full Time,Senior,Redwood City,USD,68000,0.1919191919191919,0.46473866701563576,-0.05702210954226934
208,Data scientist,Full Time,Senior,Berlin,USD,68000,0.1919191919191919,0.4726935729515432,-0.07059213156915957
209,Data scientist,Full Time,Mid,Paris,USD,40000,0.0505050505050505,-0.9667180233504822,-0.21072942088281818
210,Data scientist,Full Time,Entry,Burnaby,USD,36000,0.030303030303030304,-0.43324604160742675,1.0248755848320956
212,Data scientist,Full Time,Senior,Remote - United States,USD,56000,0.1313131313131313,0.4657633484183224,-0.053177052462812215
213,Data scientist,Full Time,Senior,Remote - US,USD,68000,0.1919191919191919,0.4657653479712911,-0.0573601351499628
215,Data scientist,Full Time,Senior,India,USD,68000,0.1919191919191919,0.4677607136802173,-0.05784807114498597
216,Data scientist,Full Time,Senior,Remote,USD,68000,0.1919191919191919,0.4845779165518837,-0.08524326804272142
217,Data scientist,Full Time,Senior,Heredia,USD,68000,0.1919191919191919,0.4638402133842564,-0.04515980687466249
218,Data scientist,Full Time,Senior,Jealott's Hill,USD,68000,0.1919191919191919,0.46678250831271356,-0.057663027432911795
219,Data scientist,Full Time,Mid,Mountain View,USD,90000,0.3030303030303031,-0.9084519207236283,-0.2795035613716902
220,Data scientist,Full Time,Senior,Miami - will also consider remote in …,USD,68000,0.1919191919191919,0.4657594997289736,-0.0573439131983045
221,Data scientist,Full Time,Senior,Porto,USD,68000,0.1919191919191919,0.4647664264702209,-0.053493637534916726
222,Data scientist,Full Time,Senior,Tel Aviv,USD,68000,0.1919191919191919,0.4677818607872173,-0.057907170866246846
223,Data scientist,Full Time,Mid,West Jakarta,USD,40000,0.0505050505050505,-0.9359932434215574,-0.28082304972614536
224,Data scientist,Internship,Entry,Paris,USD,36000,0.030303030303030304,-0.5030366050971348,1.309858076259887
225,Data scientist,Full Time,Entry,Montreal,USD,36000,0.030303030303030304,-0.42509081184793973,1.0168017195129337
226,Data scientist,Full Time,Mid,Berlin,EUR,58000,0.1414141414141414,-0.9154273310871952,-0.3029333673644433
228,Data scientist,Internship,Mid,United States - Remote,USD,62000,0.16161616161616163,-0.9757654189510258,-0.07242062380820095
231,Data scientist,Full Time,Senior,Toronto,USD,68000,0.1919191919191919,0.4642255891063755,-0.0583120713918171
233,Data scientist,Full Time,Senior,Remote,USD,132000,0.5151515151515152,0.5184630042438982,-0.12027059760271691
234,Data scientist,Full Time,Entry,North Reading,USD,56000,0.1313131313131313,-0.42167861125777834,1.0078254078974684
236,Data scientist,Full Time,Senior,London,USD,68000,0.1919191919191919,0.4559473981078824,-0.12264472963321797
237,Data scientist,Full Time,Entry,Sunnyvale,USD,36000,0.030303030303030304,-0.4282376125761396,1.025084218493754
238,Data scientist,Full Time,Senior,London,USD,68000,0.1919191919191919,0.4559473981078824,-0.12264472963321797
239,Data scientist,Full Time,Mid,Dallas,USD,40000,0.0505050505050505,-0.9402506063712508,-0.2892132465356773
240,Data scientist,Full Time,Senior,Boston,USD,68000,0.1919191919191919,0.4760458935886109,-0.05895772882699587
241,Data scientist,Full Time,Mid,Suitland-Silver Hill,USD,51000,0.10606060606060605,-0.9322112682957592,-0.28857945981570715
242,Data scientist,Full Time,Entry,Paris,USD,36000,0.030303030303030304,-0.46412368515426655,1.081315512372105
243,Data scientist,Full Time,Senior,Chicago,USD,68000,0.1919191919191919,0.46781883137254754,-0.05924575581250599
244,Data scientist,Full Time,Senior,London,USD,68000,0.1919191919191919,0.4559473981078824,-0.12264472963321797
245,Data scientist,Full Time,Senior,Hamburg,USD,68000,0.1919191919191919,0.46487174596789915,-0.04543236020051496
246,Data scientist,Full Time,Senior,Remote,USD,68000,0.1919191919191919,0.4845779165518837,-0.08524326804272142
247,Data scientist,Full Time,Senior,London,USD,68000,0.1919191919191919,0.4559473981078824,-0.12264472963321797
248,Data scientist,Full Time,Mid,Bang Kapi District,USD,40000,0.0505050505050505,-0.9359932434215574,-0.28082304972614563
249,Data scientist,Full Time,Senior,London,USD,68000,0.1919191919191919,0.4559473981078824,-0.12264472963321797
250,Data scientist,Full Time,Senior,Remote job,USD,68000,0.1919191919191919,0.4658271081355642,-0.05388395877289863
251,Data scientist,Full Time,Senior,Tel Aviv,USD,68000,0.1919191919191919,0.4677818607872173,-0.057907170866246846
252,Data scientist,Full Time,Senior,Remote job,USD,68000,0.1919191919191919,0.4658271081355642,-0.05388395877289863
253,Data scientist,Full Time,Senior,Amsterdam,USD,120000,0.4545454545454546,0.49658375563482093,-0.08127534869869779
254,Data scientist,Full Time,Mid,København,USD,40000,0.0505050505050505,-0.9359932434215574,-0.2808230497261453
255,Data scientist,Full Time,Senior,Cincinnati,USD,68000,0.1919191919191919,0.46473866701563576,-0.05702210954226897
256,Data scientist,Full Time,Senior,Dallas,USD,68000,0.1919191919191919,0.4574004785808664,-0.0667234471791423
257,Data scientist,Full Time,Senior,Singapore,USD,56000,0.1313131313131313,0.4534837940534642,-0.04130633355217924
258,Data scientist,Full Time,Senior,Stockholm,USD,68000,0.1919191919191919,0.4667848527889626,-0.0576695549103678
259,Data scientist,Full Time,Senior,Longueuil,USD,68000,0.1919191919191919,0.4657653479712911,-0.057360135149924725
260,Data scientist,Full Time,Senior,Renningen,USD,56000,0.1313131313131313,0.45837120823074684,-0.05041578199905737
261,Data scientist,Full Time,Entry,Paris,USD,36000,0.030303030303030304,-0.46412368515426655,1.081315512372105
262,Data scientist,Full Time,Entry,Paris,USD,36000,0.030303030303030304,-0.46412368515426655,1.081315512372105
263,Data scientist,Full Time,Senior,New York City,USD,120000,0.4545454545454546,0.5023915557034487,-0.10312545042528633
264,Data scientist,Full Time,Senior,Berlin,USD,68000,0.1919191919191919,0.4726935729515432,-0.07059213156915957
265,Data scientist,Full Time,Senior,Atlanta,USD,68000,0.1919191919191919,0.472140509569382,-0.05981195756468081
266,Data scientist,Full Time,Senior,Bangkok,USD,68000,0.1919191919191919,0.4754618529356147,-0.08031820796110802
268,Data scientist,Full Time,Senior,Bangkok,USD,63000,0.16666666666666666,0.47281458045967606,-0.07758169783923338
269,Data scientist,Full Time,Senior,USA (remote),USD,68000,0.1919191919191919,0.4657653479712912,-0.05736013514998385
270,Data scientist,Full Time,Senior,New York,USD,145000,0.5808080808080809,0.5098880506718698,-0.10123460710695438
271,Data scientist,Full Time,Senior,New York City - Boston,USD,68000,0.1919191919191919,0.46412556529012805,-0.055752076954196816
272,Data scientist,Full Time,Mid,New York City,USD,40000,0.0505050505050505,-0.9227911629984306,-0.297155544514325
273,Data scientist,Full Time,Mid,Bangkok,USD,51000,0.10606060606060605,-0.9163652325694377,-0.3088283295857672
274,Data scientist,Full Time,Mid,Brampton,USD,40000,0.0505050505050505,-0.9591818290475911,-0.3004922847002394
275,Data scientist,Full Time,Senior,Seattle,USD,56000,0.1313131313131313,0.4636842735797462,-0.04232021346960853
276,Data scientist,Full Time,Mid,Hong Kong,USD,40000,0.0505050505050505,-0.9359932434215574,-0.28082304972614497
277,Data scientist,Full Time,Senior,San Francisco,USD,129000,0.5,0.5412836353319701,-0.10524764135338732
279,Data scientist,Full Time,Mid,Emeryville,USD,120000,0.4545454545454546,-0.8994564894578728,-0.3308104271107741
281,Data scientist,Full Time,Entry,Berlin,USD,36000,0.030303030303030304,-0.42236317380435867,0.9989630023292281
282,Data scientist,Full Time,Senior,San Mateo,USD,68000,0.1919191919191919,0.46473866701563576,-0.05702210954226898
284,Data scientist,Full Time,Senior,Santa Clara,USD,68000,0.1919191919191919,0.47124810551042695,-0.04503792145394382
285,Data scientist,Full Time,Mid,Berlin,USD,40000,0.0505050505050505,-0.9249575120005742,-0.29308193092569473
286,Data scientist,Full Time,Mid,Málaga,USD,40000,0.0505050505050505,-0.9380633393059483,-0.28248127217980196
287,Data scientist,Full Time,Senior,Bangkok,USD,63000,0.16666666666666666,0.47281458045967606,-0.07758169783923338
289,Data scientist,Full Time,Senior,Madrid,USD,68000,0.1919191919191919,0.46980946733948886,-0.052309361133280975
292,Data scientist,Full Time,Mid,France - Remote,USD,40000,0.0505050505050505,-0.9380574910636308,-0.2824974941315421
293,Data scientist,Full Time,Senior,Herndon,USD,122000,0.46464646464646464,0.4933922315476357,-0.08675058348672504
295,Data scientist,Full Time,Senior,Madrid,EUR,36000,0.030303030303030304,0.45286692349348173,-0.03479569635328324
296,Data scientist,Full Time,Mid,Porto,USD,40000,0.0505050505050505,-0.9328846584818966,-0.2759834368914517
297,Data scientist,Full Time,Senior,Toronto,USD,120000,0.4545454545454546,0.4917572228561373,-0.08677177665931347
299,Data scientist,Full Time,Mid,Brussels,USD,40000,0.0505050505050505,-0.9370375839530495,-0.28286186698018007
300,Data scientist,Full Time,Mid,Spain - Remote,USD,40000,0.0505050505050505,-0.9401379128245504,-0.2841723266164569
301,Data scientist,Full Time,Senior,Helsinki,USD,68000,0.1919191919191919,0.4667907139795831,-0.057685873599162205
302,Data scientist,Full Time,Mid,Fort Belvoir,USD,40000,0.0505050505050505,-0.9359932434215574,-0.2808230497261452
303,Data scientist,Internship,Senior,San Jose,USD,56000,0.1313131313131313,0.4265452026294055,0.17738925385021204
305,Data scientist,Full Time,Mid,London,USD,40000,0.0505050505050505,-0.9417036868442352,-0.345134528989753
307,Data scientist,Full Time,Senior,San Francisco,USD,68000,0.1919191919191919,0.508986911125519,-0.0718622178665166
308,Data scientist,Full Time,Mid,Utrecht,USD,40000,0.0505050505050505,-0.9359932434215574,-0.2808230497261457
309,Data scientist,Full Time,Mid,Ireland - Remote,USD,40000,0.0505050505050505,-0.9359932434215574,-0.2808230497261458
310,Data scientist,Full Time,Entry,Sunnyvale,USD,36000,0.030303030303030304,-0.4282376125761396,1.025084218493754
311,Data scientist,Full Time,Mid,Dubai,USD,40000,0.0505050505050505,-0.9339747667015249,-0.281446967736071
314,Data scientist,Internship,Senior,Asia,USD,68000,0.1919191919191919,0.425739971789943,0.17286726434179314
315,Data scientist,Full Time,Senior,Ann Arbor,USD,68000,0.1919191919191919,0.4607248636208681,-0.06068212271929994
317,Data scientist,Full Time,Senior,New York City; San Francisco,USD,107000,0.38888888888888895,0.4888276817754485,-0.08036171114215465
318,Data scientist,Full Time,Senior,Remote,USD,68000,0.1919191919191919,0.4845779165518837,-0.08524326804272142
319,Data scientist,Full Time,Senior,Washington DC - will also consider remote …,USD,68000,0.1919191919191919,0.46678485278896237,-0.057669554908665585
321,Data scientist,Full Time,Senior,Canada,USD,68000,0.1919191919191919,0.46881273957011144,-0.05823023334177094
322,Data scientist,Full Time,Senior,Dubai,USD,68000,0.1919191919191919,0.46367631825059236,-0.058957168379535844
324,Data scientist,Full Time,Mid,Warsaw,USD,40000,0.0505050505050505,-0.9421996326584163,-0.2914864687366685
325,Data scientist,Full Time,Mid,Lüneburg,USD,40000,0.0505050505050505,-0.9380633393059484,-0.28248127217986835
326,Data scientist,Full Time,Entry,Saint-Denis,USD,36000,0.030303030303030304,-0.43324604160742675,1.0248755848320226
327,Data scientist,Full Time,Mid,Cambridge,USD,30000,0.0,-0.9382577910774351,-0.27874708759022654
328,Data scientist,Full Time,Mid,England,USD,40000,0.0505050505050505,-0.9359932434215574,-0.2808230497261457
329,Data scientist,Full Time,Senior,Bengaluru,USD,68000,0.1919191919191919,0.4592213570014138,-0.08587518941766636
331,Data scientist,Full Time,Senior,Baar,USD,68000,0.1919191919191919,0.4657653479712912,-0.05736013514999699
332,Data scientist,Full Time,Senior,Indianapolis,USD,68000,0.1919191919191919,0.46781710596555637,-0.05800567039285048
333,Data scientist,Full Time,Senior,Ottawa,USD,68000,0.1919191919191919,0.46473866701563576,-0.05702210954226957
334,Data scientist,Full Time,Senior,Palo Alto,USD,56000,0.1313131313131313,0.4644870366407479,-0.04483458528078527
337,Data scientist,Full Time,Senior,Flexible,USD,68000,0.1919191919191919,0.46473866701563576,-0.0570221095422695
338,Data scientist,Full Time,Senior,Santiago de Querétaro,USD,68000,0.1919191919191919,0.4606193621896885,-0.06038838631434015
339,Data scientist,Full Time,Mid,London,USD,40000,0.0505050505050505,-0.9417036868442352,-0.345134528989753
340,Data scientist,Full Time,Entry,Remote,USD,36000,0.030303030303030304,-0.41047883020401815,0.9843118658556661
341,Data scientist,Full Time,Senior,New York City,USD,81000,0.25757575757575757,0.48174283039112753,-0.08178067147466409
342,Data scientist,Full Time,Senior,Kraków,USD,68000,0.1919191919191919,0.4607482779124429,-0.046520811212990044
343,Data scientist,Full Time,Mid,United States - Remote,USD,40000,0.0505050505050505,-0.9485004979022879,-0.28892254315973415
345,Data scientist,Internship,Entry,Paris,USD,36000,0.030303030303030304,-0.5030366050971348,1.309858076259887
347,Data scientist,Full Time,Senior,Montreal,USD,68000,0.1919191919191919,0.4699659349079619,-0.052753414385453924
348,Data scientist,Full Time,Mid,Roppongi,USD,62000,0.16161616161616163,-0.940856644867001,-0.29300480915824756
349,Data scientist,Full Time,Senior,Valencia,USD,68000,0.1919191919191919,0.4657653479712912,-0.05736013514992498
351,Data scientist,Full Time,Senior,Berlin,USD,68000,0.1919191919191919,0.4726935729515432,-0.07059213156915957
352,Data scientist,Full Time,Mid,San Diego,USD,40000,0.0505050505050505,-0.9359048875214514,-0.27521246993989534
353,Data scientist,Full Time,Senior,Berlin,USD,68000,0.1919191919191919,0.4726935729515432,-0.07059213156915957
354,Data scientist,Full Time,Senior,Remote,USD,68000,0.1919191919191919,0.4845779165518837,-0.08524326804272142
356,Data scientist,Full Time,Mid,Arlington,USD,40000,0.0505050505050505,-0.9379274695633283,-0.2794900332851077
357,Data scientist,Full Time,Senior,San Francisco,USD,129000,0.5,0.5412836353319701,-0.10524764135338732
358,Data scientist,Full Time,Senior,Brooklyn,USD,184000,0.7777777777777778,0.5348865717760626,-0.13100287859245116
359,Data scientist,Full Time,Mid,Milan,USD,40000,0.0505050505050505,-0.9359435713795503,-0.27510476659214267
360,Data scientist,Full Time,Mid,Toronto,USD,40000,0.0505050505050505,-0.9334254958457419,-0.2808018707483521
361,Data scientist,Internship,Mid,Bengaluru,USD,62000,0.16161616161616163,-0.9656946489994419,-0.09186306942266831
362,Data scientist,Full Time,Senior,Enkhuizen,USD,68000,0.1919191919191919,0.46369976301307697,-0.05902244313597294
363,Data scientist,Full Time,Senior,Berlin,USD,68000,0.1919191919191919,0.4726935729515432,-0.07059213156915957
364,Data scientist,Full Time,Senior,Barcelona,USD,68000,0.1919191919191919,0.452277208905223,-0.04941667792828819
365,Data scientist,Full Time,Senior,Brooklyn,USD,104000,0.3737373737373738,0.4925302121610449,-0.08721871664245678
366,Data scientist,Full Time,Senior,Berlin,USD,68000,0.1919191919191919,0.4726935729515432,-0.07059213156915957
367,Data scientist,Full Time,Senior,Madrid,USD,56000,0.1313131313131313,0.46345601339723613,-0.04574173684078185
368,Data scientist,Full Time,Entry,Vienna,USD,36000,0.030303030303030304,-0.4322910425659266,1.0188359538028229
369,Data scientist,Full Time,Senior,Brooklyn,USD,130000,0.5050505050505051,0.5062960290359253,-0.10144856927620494
370,Data scientist,Full Time,Mid,Spain - Remote,USD,40000,0.0505050505050505,-0.9401379128245504,-0.2841723266164569
371,Data scientist,Full Time,Mid,Dallas,USD,40000,0.0505050505050505,-0.9402506063712508,-0.2892132465356773
372,Data scientist,Full Time,Senior,Mountain View,USD,68000,0.1919191919191919,0.4627264394691029,-0.029648660796408516
373,Data scientist,Full Time,Senior,Seattle,USD,68000,0.1919191919191919,0.47003772752199907,-0.04888783776210768
374,Data scientist,Full Time,Mid,Bordeaux,USD,40000,0.0505050505050505,-0.9380610000090216,-0.2824877609605166
375,Data scientist,Full Time,Senior,Tel Aviv-Yafo,USD,68000,0.1919191919191919,0.46679657517020395,-0.05770219228768154
376,Data scientist,Full Time,Mid,Roppongi,USD,62000,0.16161616161616163,-0.940856644867001,-0.29300480915824756
377,Data scientist,Full Time,Senior,Warsaw,USD,68000,0.1919191919191919,0.45545145229370115,-0.06899666938013352
379,Data scientist,Full Time,Senior,Irving,USD,68000,0.1919191919191919,0.46782650467977677,-0.058031936932368085
381,Data scientist,Full Time,Senior,Warsaw,USD,56000,0.1313131313131313,0.4490979983514486,-0.06242904508763436
382,Data scientist,Full Time,Mid,Chelmsford,USD,87000,0.28787878787878785,-0.9110540298474091,-0.30669783260372724
383,Data scientist,Full Time,Mid,Paris,USD,40000,0.0505050505050505,-0.9667180233504822,-0.21072942088281818
384,Data scientist,Full Time,Senior,Dallas,USD,68000,0.1919191919191919,0.4574004785808664,-0.0667234471791423
385,Data scientist,Internship,Senior,Chicago,USD,68000,0.1919191919191919,0.4289059114296793,0.16929680807527608
386,Data scientist,Full Time,Senior,Mountain View,USD,56000,0.1313131313131313,0.4563729855268505,-0.02308103650390937
387,Data scientist,Full Time,Senior,Berlin,USD,68000,0.1919191919191919,0.4726935729515432,-0.07059213156915957
388,Data scientist,Internship,Senior,United States,USD,68000,0.1919191919191919,0.447866101089262,0.16482762045252938
389,Data scientist,Full Time,Senior,Palo Alto,USD,68000,0.1919191919191919,0.4708404905830005,-0.05140220957328443
391,Data scientist,Full Time,Mid,Malmö,USD,40000,0.0505050505050505,-0.9359932434215574,-0.2808230497261456
392,Data scientist,Full Time,Mid,Bengaluru,USD,38000,0.040404040404040414,-0.9394886369410791,-0.3072703847254515
393,Data scientist,Full Time,Mid,London,USD,38000,0.040404040404040414,-0.9427625958346106,-0.3440399249410032
394,Data scientist,Full Time,Senior,Hyderabad,USD,68000,0.1919191919191919,0.4663682985979298,-0.05478112750440113
395,Data scientist,Full Time,Senior,Bengaluru,USD,68000,0.1919191919191919,0.4592213570014138,-0.08587518941766636
397,Data scientist,Full Time,Senior,Berlin,USD,68000,0.1919191919191919,0.4726935729515432,-0.07059213156915957
398,Data scientist,Full Time,Senior,San Francisco,USD,68000,0.1919191919191919,0.508986911125519,-0.0718622178665166
401,Data scientist,Full Time,Senior,Cape Town,USD,68000,0.1919191919191919,0.45856443025716354,-0.05627528739242855
402,Data scientist,Full Time,Senior,London,USD,68000,0.1919191919191919,0.4559473981078824,-0.12264472963321797
405,Data scientist,Full Time,Entry,Belgrade,USD,36000,0.030303030303030304,-0.43229104256592654,1.0188359538028224
407,Data scientist,Full Time,Senior,Chantilly,USD,68000,0.1919191919191919,0.46582500004293065,-0.05752559905641045
408,Data scientist,Full Time,Senior,Irving,USD,68000,0.1919191919191919,0.46782650467977677,-0.058031936932368085
410,Data scientist,Full Time,Senior,Brooklyn,USD,196000,0.8383838383838385,0.5412400257183152,-0.13757050288495035
411,Data scientist,Full Time,Mid,Málaga,USD,38000,0.040404040404040414,-0.9391222482963236,-0.28138666813105206
412,Data scientist,Full Time,Senior,Brooklyn,USD,184000,0.7777777777777778,0.5348865717760626,-0.13100287859245116
413,Data scientist,Full Time,Mid,Bühl,USD,38000,0.040404040404040414,-0.9370544865523723,-0.27972199513560986
415,Data scientist,Full Time,Senior,Mountain View,USD,68000,0.1919191919191919,0.4627264394691029,-0.029648660796408516
416,Data scientist,Full Time,Senior,Remote or San Francisco HQ,USD,196000,0.8383838383838385,0.532658227387784,-0.12748960333653442
417,Data scientist,Full Time,Senior,Oakville,USD,68000,0.1919191919191919,0.4667965751702045,-0.057702192288095595
418,Data scientist,Full Time,Senior,Chennai,USD,68000,0.1919191919191919,0.4650722775001337,-0.05585934680285199
419,Data scientist,Full Time,Mid,Houston,USD,38000,0.040404040404040414,-0.9442724172534586,-0.27867694057956066
420,Data scientist,Full Time,Senior,New York City,USD,68000,0.1919191919191919,0.474859921953687,-0.07466574515779002
421,Data scientist,Full Time,Senior,Remote (within United States),USD,68000,0.1919191919191919,0.46473866701563576,-0.0570221095422689
422,Data scientist,Full Time,Senior,Los Gatos,USD,56000,0.1313131313131313,0.45837120823074684,-0.05041578199905711
423,Data scientist,Full Time,Mid,Houston,USD,38000,0.040404040404040414,-0.9442724172534586,-0.27867694057956066
424,Data scientist,Full Time,Senior,Boston,USD,127000,0.48989898989898994,0.5072837088046869,-0.09124854826511672
425,Data scientist,Full Time,Senior,Jealott's Hill,USD,56000,0.1313131313131313,0.4604290543704609,-0.05109540314041268
426,Data scientist,Full Time,Mid,Greenville,USD,38000,0.040404040404040414,-0.939124587593251,-0.2813801793504463
427,Data scientist,Full Time,Senior,San Jose,USD,56000,0.1313131313131313,0.4654581225722738,-0.051153310037569975
428,Data scientist,Full Time,Senior,San Diego,USD,68000,0.1919191919191919,0.4617461974306659,-0.052722670583360144
429,Data scientist,Full Time,Mid,Austin,USD,38000,0.040404040404040414,-0.9390757787647263,-0.27567039273018223
432,Data scientist,Full Time,Senior,Seoul,USD,68000,0.1919191919191919,0.4700168456432373,-0.04661100301657535
433,Data scientist,Full Time,Senior,San Francisco,USD,68000,0.1919191919191919,0.508986911125519,-0.0718622178665166
436,Data scientist,Full Time,Mid,Lüneburg,USD,38000,0.040404040404040414,-0.9391222482963237,-0.28138666813111846
440,Data scientist,Full Time,Senior,London,USD,68000,0.1919191919191919,0.4559473981078824,-0.12264472963321797
441,Data scientist,Full Time,Senior,Brooklyn,USD,184000,0.7777777777777778,0.5348865717760626,-0.13100287859245116
442,Data scientist,Full Time,Senior,San Francisco,USD,129000,0.5,0.5412836353319701,-0.10524764135338732
443,Data scientist,Full Time,Senior,Austin,USD,68000,0.1919191919191919,0.45963421517776665,-0.054275197422396955
444,Data scientist,Full Time,Senior,Madrid,EUR,36000,0.030303030303030304,0.45286692349348173,-0.03479569635328324
445,Data scientist,Full Time,Senior,Berlin,USD,68000,0.1919191919191919,0.4726935729515432,-0.07059213156915957
446,Data scientist,Full Time,Entry,Saint-Denis,USD,36000,0.030303030303030304,-0.43324604160742675,1.0248755848320226
448,Data scientist,Full Time,Senior,Philadelphia,USD,129000,0.5,0.49607737165009913,-0.09263306453308408
449,Data scientist,Full Time,Senior,Morrisville,USD,185000,0.7828282828282829,0.5268213901683023,-0.1214338030885894
450,Data scientist,Full Time,Senior,U.S. Remote,USD,68000,0.1919191919191919,0.46473866701563576,-0.05702210954226909
452,Data scientist,Full Time,Senior,Sunnyvale,USD,56000,0.1313131313131313,0.4604656802375094,-0.03790329111213483
453,Data scientist,Full Time,Senior,San Francisco,USD,68000,0.1919191919191919,0.508986911125519,-0.0718622178665166
454,Data scientist,Full Time,Entry,Arlington,USD,36000,0.030303030303030304,-0.4353331313671121,1.012554899969815
455,Data scientist,Full Time,Senior,Lexington,USD,68000,0.1919191919191919,0.4667907139795835,-0.05768587359912671
456,Data scientist,Full Time,Senior,Sunnyvale,USD,56000,0.1313131313131313,0.4604656802375094,-0.03790329111213483
457,Data scientist,Full Time,Senior,London,USD,68000,0.1919191919191919,0.4559473981078824,-0.12264472963321797
459,Data scientist,Full Time,Senior,Remote (California,USD,135000,0.5303030303030304,0.5002903118979319,-0.0939074383252048
460,Data scientist,Full Time,Mid,Düsseldorf,USD,38000,0.040404040404040414,-0.9401839673030115,-0.28344119554818775
463,Data scientist,Full Time,Senior,United States,USD,93000,0.31818181818181823,0.5000153834118234,-0.07739749404462591
464,Data scientist,Full Time,Mid,Homestead,USD,38000,0.040404040404040414,-0.9370544865523723,-0.27972199513560997
465,Data scientist,Full Time,Entry,Bourdeaux,USD,36000,0.030303030303030304,-0.4322910425659266,1.0188359538028233
467,Data scientist,Full Time,Senior,Boston,USD,129000,0.5,0.5083426177950623,-0.09234315231386656
469,Data scientist,Full Time,Senior,London,USD,68000,0.1919191919191919,0.4559473981078824,-0.12264472963321797
470,Data scientist,Full Time,Senior,Bangkok,USD,46000,0.0808080808080808,0.46381385404148456,-0.06827756342485959
471,Data scientist,Internship,Entry,Santa Clara,USD,36000,0.030303030303030304,-0.4627215611883428,1.253059776332226
472,Data scientist,Full Time,Senior,Santa Clara,USD,68000,0.1919191919191919,0.47124810551042695,-0.04503792145394382
473,Data scientist,Full Time,Mid,London,USD,38000,0.040404040404040414,-0.9427625958346106,-0.3440399249410032
475,Data scientist,Full Time,Senior,Taipei,USD,68000,0.1919191919191919,0.46473866701563576,-0.05702210954226925
476,Data scientist,Full Time,Senior,Paris or Remote from France,USD,68000,0.1919191919191919,0.4637810086691019,-0.05100037576622568
477,Data scientist,Full Time,Mid,Berlin,USD,38000,0.040404040404040414,-0.9260164209909495,-0.2919873268769448
478,Data scientist,Full Time,Senior,Palo Alto,USD,56000,0.1313131313131313,0.4644870366407479,-0.04483458528078527
479,Data scientist,Full Time,Senior,San Francisco,USD,156000,0.6363636363636365,0.5555789067020387,-0.12002479601151039
480,Data scientist,Full Time,Senior,Dallas,USD,68000,0.1919191919191919,0.4574004785808664,-0.0667234471791423
481,Data scientist,Full Time,Senior,Helsinki,USD,68000,0.1919191919191919,0.4667907139795831,-0.057685873599162205
482,Data scientist,Full Time,Mid,Munich,USD,38000,0.040404040404040414,-0.9392826848578543,-0.2861189379245218
483,Data scientist,Full Time,Senior,San Francisco,USD,129000,0.5,0.5412836353319701,-0.10524764135338732
484,Data scientist,Full Time,Senior,Denver,USD,134000,0.5252525252525253,0.49771177607127465,-0.0950508000405103
489,Data scientist,Full Time,Senior,San Francisco,USD,172000,0.7171717171717172,0.5640501786250425,-0.12878162840150928
490,Data scientist,Full Time,Mid,Poznań,USD,38000,0.040404040404040414,-0.9410630502160958,-0.26925074429655593
491,Data scientist,Full Time,Senior,Bangkok,USD,46000,0.0808080808080808,0.46381385404148456,-0.06827756342485959
493,Data scientist,Full Time,Mid,United Kingdom - Remote,USD,38000,0.040404040404040414,-0.9453548114403205,-0.2865739177424385
494,Data scientist,Full Time,Mid,Bangkok,USD,51000,0.10606060606060605,-0.9163652325694377,-0.3088283295857672
496,Data scientist,Full Time,Senior,Bengaluru,USD,68000,0.1919191919191919,0.4592213570014138,-0.08587518941766636
497,Data scientist,Full Time,Mid,South Jakarta,USD,38000,0.040404040404040414,-0.939118739350933,-0.28139640130204674
500,Data analyst,Full Time,Senior,Copenhagen,USD,62000,0.16161616161616163,0.4615549376231911,-0.05371894577066337
501,Data analyst,Full Time,Mid,Cluj,USD,51000,0.10606060606060605,-0.930156406202076,-0.2868788499740907
503,Data analyst,Full Time,Senior,Stuttgart,USD,62000,0.16161616161616163,0.4586421066036856,-0.037505481267984406
504,Data analyst,Full Time,Mid,Papendrecht,USD,51000,0.10606060606060605,-0.930156406202076,-0.28687884997409036
506,Data analyst,Full Time,Senior,Berlin,USD,63000,0.16666666666666666,0.4700463004756046,-0.06785562144728495
507,Data analyst,Full Time,Entry,Sarasota,USD,48000,0.09090909090909091,-0.4259235837810376,1.0122296262596104
509,Data analyst,Full Time,Senior,Jakarta,USD,63000,0.16666666666666666,0.46310637901071733,-0.05459118112487723
510,Data analyst,Full Time,Senior,Chicago,USD,63000,0.16666666666666666,0.4651715588966087,-0.056509245690631364
512,Data analyst,Full Time,Senior,Lexington,USD,63000,0.16666666666666666,0.46414344150364495,-0.05494936347725206
513,Data analyst,Full Time,Senior,Remote job,USD,63000,0.16666666666666666,0.46317983565962556,-0.05114744865102394
514,Data analyst,Full Time,Mid,Barcelona,USD,51000,0.10606060606060605,-0.9395498765998291,-0.2779267995529476
515,Data analyst,Full Time,Mid,Bogotá,USD,45000,0.07575757575757577,-0.9333401355945203,-0.28357568620248386
518,Data analyst,Full Time,Senior,United States,USD,76000,0.23232323232323235,0.49101465699363195,-0.06809335963025206
519,Data analyst,Full Time,Mid,Bracknell,USD,51000,0.10606060606060605,-0.930156406202076,-0.28687884997408974
521,Data analyst,Full Time,Senior,San Francisco,USD,140000,0.5555555555555556,0.547107634779035,-0.11126796362151156
522,Data analyst,Full Time,Entry,London,USD,30000,0.0,-0.44228607561914574,0.9501942164114191
523,Data analyst,Full Time,Senior,Remote,USD,63000,0.16666666666666666,0.4819306440759451,-0.08250675792084679
524,Data analyst,Full Time,Entry,Sandton,USD,30000,0.0,-0.43547477195837114,1.0221391175744294
525,Data analyst,Full Time,Entry,Houston,USD,30000,0.0,-0.4437958970379937,1.015557200772862
526,Data analyst,Full Time,Senior,Dublin,USD,62000,0.16161616161616163,0.4635413082447545,-0.05419970970692336
527,Data analyst,Full Time,Mid,Bengaluru,USD,51000,0.10606060606060605,-0.9326057285036385,-0.31438531104232564
529,Data analyst,Full Time,Senior,Washington,USD,81000,0.25757575757575757,0.47381421595231876,-0.06758138808958761
531,Data analyst,Full Time,Entry,Boston,USD,30000,0.0,-0.4221875801384171,1.0138812172176415
532,Data analyst,Full Time,Senior,Atlanta,USD,110000,0.4040404040404041,0.49437759836726647,-0.08279864258842785
533,Data analyst,Full Time,Entry,Bogota,USD,30000,0.0,-0.43547477195837103,1.0221391175744288
535,Data analyst,Full Time,Senior,London,USD,63000,0.16666666666666666,0.45330012563194366,-0.11990821951134331
536,Data analyst,Full Time,Mid,Boulogne-Billancourt,USD,51000,0.10606060606060605,-0.9301078495512447,-0.2811577262385869
537,Data analyst,Full Time,Senior,Madrid,EUR,38000,0.040404040404040414,0.45392583248385704,-0.03589030040203313
539,Data analyst,Full Time,Executive,Kampala,USD,46000,0.0808080808080808,-0.3131233343150351,0.25107631209252035
540,Data analyst,Full Time,Mid,London,GBP,45000,0.07575757575757577,-0.9390564143682962,-0.34787103911162776
543,Data analyst,Full Time,Senior,Boston,USD,63000,0.16666666666666666,0.4733986211126724,-0.05622121870512122
544,Data analyst,Full Time,Senior,Remote,USD,123000,0.4696969696969697,0.5136979137872085,-0.11534487938334256
547,Data analyst,Full Time,Senior,Somerville,USD,63000,0.16666666666666666,0.46414578597989353,-0.05495589095190371
549,Data analyst,Full Time,Senior,Kirkland,USD,63000,0.16666666666666666,0.4620855591885986,-0.05426947306593076
550,Data analyst,Full Time,Senior,Boston - Remote,USD,63000,0.16666666666666666,0.4631063790107172,-0.05459118112486005
551,Data analyst,Full Time,Senior,Munich,USD,62000,0.16161616161616163,0.45625058211351227,-0.06143993047048696
553,Data analyst,Full Time,Executive,Remote,USD,141000,0.5606060606060607,-0.24127504711352282,0.16905646210167377
555,Data analyst,Full Time,Senior,London,USD,63000,0.16666666666666666,0.45330012563194366,-0.11990821951134331
557,Data analyst,Internship,Senior,Tampa,USD,63000,0.16666666666666666,0.42411334253616517,0.1752899546565906
561,Data analyst,Full Time,Senior,Washington,USD,81000,0.25757575757575757,0.47381421595231876,-0.06758138808958761
562,Data analyst,Full Time,Mid,Riga,USD,51000,0.10606060606060605,-0.930156406202076,-0.2868788499740906
564,Data analyst,Full Time,Entry,Mexico City,USD,30000,0.0,-0.43347603752230285,1.0216747791692986
566,Data analyst,Full Time,Senior,East Windsor,USD,63000,0.16666666666666666,0.46516160961467157,-0.05524617704539576
567,Data analyst,Full Time,Senior,Remote- US,USD,100000,0.3535353535353536,0.4863275250886125,-0.07734922108582616
568,Data analyst,Full Time,Senior,Remote,USD,127000,0.48989898989898994,0.5158157317679595,-0.11753408748084224
569,Data analyst,Full Time,Senior,Brooklyn,USD,104000,0.3737373737373738,0.49253021216104453,-0.08721871664245678
570,Data analyst,Full Time,Senior,West Palm Beach,USD,63000,0.16666666666666666,0.4631063790107178,-0.05459118112488249
572,Data analyst,Full Time,Mid,Monterrey,USD,51000,0.10606060606060605,-0.9363636233554486,-0.29199920913792154
574,Data analyst,Full Time,Senior,Remote- US,USD,225000,0.984848484848485,0.5525093369870782,-0.14576197413269235
575,Data analyst,Full Time,Entry,Stuttgart,USD,30000,0.0,-0.43641464015221615,1.0320496526304035
579,Data analyst,Full Time,Senior,Medellín,USD,63000,0.16666666666666666,0.4620855591885986,-0.054269473065931405
580,Data analyst,Full Time,Senior,Berlin,USD,63000,0.16666666666666666,0.4700463004756046,-0.06785562144728495
581,Data analyst,Full Time,Senior,Campinas,USD,63000,0.16666666666666666,0.4641317191224026,-0.054916726097878274
584,Data analyst,Full Time,Mid,London,USD,51000,0.10606060606060605,-0.93587968739717,-0.3511548512578773
585,Data analyst,Full Time,Mid,Charlotte,USD,51000,0.10606060606060605,-0.930156406202076,-0.2868788499740898
586,Data analyst,Full Time,Senior,Campinas,USD,63000,0.16666666666666666,0.4641317191224026,-0.054916726097878274
589,Data analyst,Full Time,Senior,Tel-Aviv,USD,63000,0.16666666666666666,0.4620855591885986,-0.054269473065931356
590,Data analyst,Full Time,Mid,Cape Town,USD,51000,0.10606060606060605,-0.9332626552478889,-0.2847854090170878
591,Data analyst,Full Time,Senior,San Francisco,USD,104000,0.3737373737373738,0.528047272952277,-0.09156509074401409
592,Data analyst,Full Time,Senior,Brazil - Remote,USD,63000,0.16666666666666666,0.4600374618720363,-0.05596200459702276
593,Data analyst,Full Time,Mid,Newbury,GBP,45000,0.07575757575757577,-0.9333401355945203,-0.2835756862024839
596,Data analyst,Full Time,Entry,Boulogne-Billancourt,USD,30000,0.0,-0.43651423777322035,1.0201913414307102
598,Data analyst,Full Time,Senior,Brazil,USD,63000,0.16666666666666666,0.46208555918859867,-0.05426947306593067
600,Data analyst,Full Time,Entry,Paris or Remote from France,USD,30000,0.0,-0.4344524650579261,1.0218385702784112
603,Data analyst,Full Time,Senior,Remote job,USD,63000,0.16666666666666666,0.46317983565962556,-0.05114744865102394
604,Data analyst,Full Time,Mid,Brussels,USD,51000,0.10606060606060605,-0.9312135845059843,-0.2888821892483044
606,Data analyst,Full Time,Mid,Stanford,USD,51000,0.10606060606060605,-0.930156406202076,-0.2868788499740899
608,Data analyst,Full Time,Mid,Sector 62,USD,51000,0.10606060606060605,-0.930156406202076,-0.2868788499740902
609,Data analyst,Full Time,Senior,Mount Laurel Township,USD,63000,0.16666666666666666,0.4620855591885986,-0.05426947306593078
610,Data analyst,Full Time,Senior,Manila,USD,63000,0.16666666666666666,0.4620855591885986,-0.05426947306593094
611,Data analyst,Full Time,Senior,Bangkok,USD,63000,0.16666666666666666,0.47281458045967606,-0.07758169783923338
612,Data analyst,Full Time,Senior,United States,USD,63000,0.16666666666666666,0.4841317485561915,-0.060978433313377996
613,Data analyst,Full Time,Senior,Stuttgart,USD,63000,0.16666666666666666,0.4591715610988733,-0.03805278329235931
615,Data analyst,Full Time,Mid,Denver,USD,51000,0.10606060606060605,-0.9290593061161677,-0.2874389880564242
616,Data analyst,Full Time,Senior,London,USD,63000,0.16666666666666666,0.45330012563194366,-0.11990821951134331
619,Data analyst,Full Time,Senior,Sydney,USD,63000,0.16666666666666666,0.4610005155525634,-0.06116383077233227
620,Data analyst,Full Time,Entry,Barcelona,USD,30000,0.0,-0.44595626482180506,1.0234222681163492
622,Data analyst,Full Time,Entry,Katowice,USD,30000,0.0,-0.43643680436011545,1.0281983296621784
625,Data analyst,Full Time,Senior,Montreal,USD,63000,0.16666666666666666,0.4673186624320233,-0.05001690426357928
627,Data analyst,Full Time,Mid,London,USD,51000,0.10606060606060605,-0.93587968739717,-0.3511548512578773
628,Data analyst,Full Time,Senior,Remote job,USD,63000,0.16666666666666666,0.46317983565962556,-0.05114744865102394
629,Data analyst,Full Time,Senior,East Windsor,USD,63000,0.16666666666666666,0.46516160961467157,-0.05524617704539576
631,Data analyst,Full Time,Senior,São Paulo,USD,76000,0.23232323232323235,0.4730554402436005,-0.06262846833479677
632,Data analyst,Full Time,Senior,Iași,USD,63000,0.16666666666666666,0.46310637901071733,-0.054591181124878485
633,Data analyst,Full Time,Senior,Chantilly,USD,119000,0.4494949494949495,0.4928271792975044,-0.08543800229953182
635,Data analyst,Full Time,Senior,Makati,USD,63000,0.16666666666666666,0.46410827435991736,-0.054851451341502225
636,Data analyst,Full Time,Senior,Remote - United States,USD,63000,0.16666666666666666,0.46946952988463647,-0.05700816663343669
637,Data analyst,Full Time,Entry,Stuttgart,USD,30000,0.0,-0.43641464015221615,1.0320496526304035
638,Data analyst,Full Time,Senior,Remote - United States,USD,63000,0.16666666666666666,0.46946952988463647,-0.05700816663343669
639,Data analyst,Full Time,Senior,London,USD,63000,0.16666666666666666,0.45330012563194366,-0.11990821951134331
640,Data analyst,Full Time,Senior,Raleigh,USD,63000,0.16666666666666666,0.4620855591885986,-0.05426947306593065
641,Data analyst,Full Time,Senior,Charenton-Le-Pont,USD,63000,0.16666666666666666,0.4611349058416269,-0.048267110034729506
642,Data analyst,Full Time,Mid,London,USD,51000,0.10606060606060605,-0.93587968739717,-0.3511548512578773
643,Data analyst,Full Time,Senior,Barcelona,USD,63000,0.16666666666666666,0.44962993642928434,-0.04668016780641354
645,Data analyst,Full Time,Mid,Brampton,USD,51000,0.10606060606060605,-0.9533578296005263,-0.30651260696836363
646,Data analyst,Full Time,Executive,Chennai,USD,46000,0.0808080808080808,-0.3110788632081066,0.2504340756571614
648,Data analyst,Full Time,Senior,Chennai,USD,63000,0.16666666666666666,0.46242500502419515,-0.053122836680977344
649,Data analyst,Full Time,Senior,UK,USD,63000,0.16666666666666666,0.4631122272530348,-0.05460740307652794
652,Data analyst,Full Time,Mid,Colorado Springs,USD,100000,0.3535353535353536,-0.9101748116821782,-0.31950322169191553
655,Data analyst,Full Time,Entry,Porto,USD,30000,0.0,-0.43346704725680707,1.0193453085097206
660,Data analyst,Full Time,Senior,New York City,USD,95000,0.3282828282828283,0.4891551933237556,-0.08944289981591308
662,Data analyst,Internship,Senior,Paris,USD,63000,0.16666666666666666,0.3893728691828284,0.24303945248337364
663,Data analyst,Full Time,Entry,Overland Park,USD,30000,0.0,-0.43547477195837103,1.0221391175744285
665,Data analyst,Full Time,Mid,London,USD,51000,0.10606060606060605,-0.93587968739717,-0.3511548512578773
667,Data analyst,Full Time,Senior,Washington,USD,81000,0.25757575757575757,0.47381421595231876,-0.06758138808958761
668,Data analyst,Full Time,Mid,Seattle,USD,51000,0.10606060606060605,-0.9217893579830532,-0.27739795938676687
669,Data analyst,Full Time,Senior,Hamburg,USD,63000,0.16666666666666666,0.4622244734919607,-0.04269585007864036
670,Data analyst,Full Time,Entry,Pyrmont,USD,30000,0.0,-0.43547477195837103,1.0221391175744288
671,Data analyst,Full Time,Mid,Philadelphia,USD,51000,0.10606060606060605,-0.9280464380614047,-0.2877577626708726
676,Data analyst,Full Time,Senior,Helsinki,USD,63000,0.16666666666666666,0.4641434415036446,-0.05494936347728759
677,Data analyst,Full Time,Senior,Richardson,USD,63000,0.16666666666666666,0.4620855591885986,-0.05426947306593096
678,Data analyst,Full Time,Entry,Downers Grove,USD,30000,0.0,-0.43643680436011534,1.0281983296621684
680,Data analyst,Full Time,Mid,Chicago,USD,51000,0.10606060606060605,-0.9240082541325053,-0.28775587743716524
683,Data analyst,Full Time,Senior,Pittsburgh,USD,63000,0.16666666666666666,0.4620855591885986,-0.054269473065931176
688,Data analyst,Full Time,Senior,United States,USD,152000,0.6161616161616162,0.531253198627899,-0.10968831348274677
689,Data analyst,Full Time,Executive,Remote,USD,41000,0.05555555555555555,-0.2942204966322952,0.22378666453916676
692,Data analyst,Full Time,Senior,Tel Aviv,USD,63000,0.16666666666666666,0.4651345883112785,-0.05517066074437223
697,Data analyst,Full Time,Mid,Athens,USD,51000,0.10606060606060605,-0.9384872998595118,-0.2964533950202938
698,Data analyst,Full Time,Mid,Bengaluru,USD,51000,0.10606060606060605,-0.9326057285036385,-0.31438531104232564
699,Data analyst,Full Time,Mid,New York City,USD,40000,0.0505050505050505,-0.9227911629984299,-0.29715554451432463
702,Data analyst,Full Time,Senior,United States,USD,125000,0.4797979797979799,0.5169579272578305,-0.0949111588246236
705,Data analyst,Full Time,Senior,Wilmington,USD,63000,0.16666666666666666,0.4620855591885986,-0.05426947306593094
707,Data analyst,Full Time,Senior,Indianapolis,USD,55000,0.12626262626262627,0.4609341975281159,-0.05089074407597633
708,Data analyst,Full Time,Mid,Arlington,USD,51000,0.10606060606060605,-0.9321034701162629,-0.2855103555532319
709,Data analyst,Full Time,Entry,High Wycombe,USD,30000,0.0,-0.43547477195837103,1.0221391175744292
711,Data analyst,Full Time,Senior,Singapore,USD,63000,0.16666666666666666,0.4571899755197785,-0.045137447722803745
712,Data analyst,Full Time,Mid,Paris,USD,51000,0.10606060606060605,-0.9608940239034172,-0.21674974315094236
713,Data analyst,Full Time,Mid,United Kingdom - Remote,USD,51000,0.10606060606060605,-0.93847190300288,-0.2936888440593126
714,Data analyst,Full Time,Senior,Berlin,USD,94000,0.3232323232323232,0.48645938982642384,-0.08482198420290774
715,Data analyst,Full Time,Entry,Lyon,USD,30000,0.0,-0.4426546302510861,1.0232890212613777
717,Data analyst,Full Time,Entry,Heredia,USD,30000,0.0,-0.43439326034277176,1.0276791391699747
720,Data analyst,Full Time,Entry,Downers Grove,USD,30000,0.0,-0.43643680436011534,1.0281983296621684
721,Data analyst,Full Time,Mid,Monterrey,USD,51000,0.10606060606060605,-0.9363636233554486,-0.29199920913792154
722,Data analyst,Full Time,Senior,Remote,USD,70000,0.20202020202020202,0.48563682554225907,-0.08633787209147128
724,Data analyst,Full Time,Senior,Remote,USD,140000,0.5555555555555556,0.5226986402053998,-0.12464901379771631
726,Data analyst,Full Time,Mid,Roppongi,USD,51000,0.10606060606060605,-0.946680644314066,-0.2869844868901233
728,Data analyst,Full Time,Senior,London,USD,63000,0.16666666666666666,0.45330012563194366,-0.11990821951134331
729,Data analyst,Full Time,Entry,Milan,USD,30000,0.0,-0.43652596015446105,1.0202239788090297
730,Data analyst,Full Time,Senior,Porto,USD,63000,0.16666666666666666,0.46211915399428244,-0.05075712741304209
731,Data analyst,Full Time,Senior,United States,USD,63000,0.16666666666666666,0.4841317485561915,-0.060978433313377996
732,Data analyst,Full Time,Senior,Campinas,USD,63000,0.16666666666666666,0.4641317191224026,-0.054916726097878274
733,Data analyst,Full Time,Mid,Munich,USD,51000,0.10606060606060605,-0.9323997764204139,-0.2932338642413958
735,Data analyst,Full Time,Mid,Pune,USD,51000,0.10606060606060605,-0.9261096251949092,-0.2881194827326143
736,Data analyst,Full Time,Mid,London,USD,51000,0.10606060606060605,-0.93587968739717,-0.3511548512578773
737,Data analyst,Full Time,Senior,North Macedonia,USD,63000,0.16666666666666666,0.4620855591885986,-0.054269473065931245
740,Data analyst,Full Time,Entry,Carquefou,USD,30000,0.0,-0.4364368043601155,1.0281983296621924
741,Data analyst,Full Time,Senior,Bangkok,USD,68000,0.1919191919191919,0.4754618529356147,-0.08031820796110802
743,Data analyst,Full Time,Mid,Chiasso,USD,51000,0.10606060606060605,-0.930156406202076,-0.28687884997409
744,Data analyst,Full Time,Senior,Seattle,USD,63000,0.16666666666666666,0.46739045504606036,-0.046151327640233025
747,Data analyst,Full Time,Senior,Seoul,USD,63000,0.16666666666666666,0.46736957316729877,-0.043874492894700676
748,Data analyst,Full Time,Entry,Bucharest,USD,30000,0.0,-0.434458313300244,1.0218547922300254
749,Data analyst,Full Time,Mid,United Kingdom - Remote,USD,51000,0.10606060606060605,-0.93847190300288,-0.2936888440593126
750,Data analyst,Full Time,Mid,Angeles,USD,51000,0.10606060606060605,-0.930156406202076,-0.2868788499740903
753,Data analyst,Internship,Entry,Singapore,USD,30000,0.0,-0.47730914567417937,1.2535075520877403
754,Data analyst,Full Time,Senior,Palta Cyprus,USD,63000,0.16666666666666666,0.4620855591885986,-0.054269473065930746
755,Data analyst,Full Time,Senior,Remote - United States,USD,63000,0.16666666666666666,0.46946952988463647,-0.05700816663343669
758,Data analyst,Full Time,Entry,Muntinlupa,USD,30000,0.0,-0.43547477195837103,1.0221391175744294
760,Data analyst,Internship,Entry,Lausanne,USD,30000,0.0,-0.47447346718406375,1.2520284914584912
762,Data analyst,Full Time,Senior,Remote,USD,63000,0.16666666666666666,0.4819306440759451,-0.08250675792084679
763,Data analyst,Full Time,Senior,Remote - United States,USD,89000,0.297979797979798,0.48323534675951735,-0.0712380192671849
765,Data analyst,Full Time,Mid,Europe,USD,51000,0.10606060606060605,-0.930156406202076,-0.28687884997409013
766,Data analyst,Full Time,Entry,Cape Town,USD,30000,0.0,-0.4396690434698644,1.0165636586522087
770,Data analyst,Full Time,Senior,Seattle,USD,68000,0.1919191919191919,0.47003772752199907,-0.04888783776210768
771,Data analyst,Full Time,Entry,Buenos Aires,USD,30000,0.0,-0.43547477195837103,1.0221391175744292
773,Data analyst,Full Time,Executive,Bengaluru,USD,41000,0.05555555555555555,-0.3195770561827651,0.22315474316422176
774,Data analyst,Full Time,Senior,Iași,USD,63000,0.16666666666666666,0.46310637901071733,-0.054591181124878485
775,Data analyst,Full Time,Mid,Toronto,USD,40000,0.0505050505050505,-0.9334254958457419,-0.2808018707483521
777,Data analyst,Full Time,Mid,Kingston,USD,51000,0.10606060606060605,-0.930156406202076,-0.28687884997408947
778,Data analyst,Full Time,Senior,Barcelona,USD,63000,0.16666666666666666,0.44962993642928434,-0.04668016780641354
779,Data analyst,Full Time,Mid,Lyon,USD,51000,0.10606060606060605,-0.9362482420291105,-0.27806004640791887
780,Data analyst,Full Time,Entry,Paris,USD,30000,0.0,-0.46730041212539297,1.084599324518354
781,Data analyst,Full Time,Entry,Austin,USD,30000,0.0,-0.4385992585492613,1.0185637486222405
784,Data analyst,Full Time,Senior,London,USD,63000,0.16666666666666666,0.45330012563194366,-0.11990821951134331
786,Data analyst,Full Time,Senior,Berlin,USD,63000,0.16666666666666666,0.4700463004756046,-0.06785562144728495
787,Data analyst,Full Time,Senior,Nanterre,USD,63000,0.16666666666666666,0.4631063790107172,-0.05459118112485287
788,Data analyst,Full Time,Senior,Remote - US; Remote - Canada,USD,101000,0.3585858585858587,0.483392909558134,-0.07585260586712572
792,Data analyst,Full Time,Mid,London,USD,51000,0.10606060606060605,-0.93587968739717,-0.3511548512578773
793,Data analyst,Full Time,Mid,Ciudad de México,USD,51000,0.10606060606060605,-0.930156406202076,-0.2868788499740896
795,Data analyst,Full Time,Mid,London,USD,51000,0.10606060606060605,-0.93587968739717,-0.3511548512578773
797,Data analyst,Full Time,Senior,Philadelphia,USD,63000,0.16666666666666666,0.4611333749677093,-0.05651113092433874
800,Data analyst,Full Time,Mid,Abu Dhabi,USD,51000,0.10606060606060605,-0.9332599394908524,-0.29067103797690974
803,Data analyst,Full Time,Senior,Atlanta,USD,63000,0.16666666666666666,0.4694932370934435,-0.05707544744280617
804,Data analyst,Full Time,Senior,Hanoi,USD,63000,0.16666666666666666,0.46208555918859867,-0.054269473065930635
805,Data analyst,Full Time,Senior,Amsterdam,USD,63000,0.16666666666666666,0.4664048494091206,-0.05007913330932679
806,Data analyst,Full Time,Mid,Colorado Springs,USD,100000,0.3535353535353536,-0.9101748116821782,-0.31950322169191553
808,Data analyst,Full Time,Senior,Los Angeles,USD,63000,0.16666666666666666,0.4631531649492581,-0.05472095673772692
809,Data analyst,Full Time,Mid,Singapore,USD,51000,0.10606060606060605,-0.9319898375093356,-0.27638407946933774
810,Data analyst,Full Time,Senior,Makati,USD,76000,0.23232323232323235,0.4709911827973578,-0.06196637765837632
811,Data analyst,Full Time,Entry,Paris,USD,30000,0.0,-0.46730041212539297,1.084599324518354
813,Data analyst,Full Time,Senior,Remote,USD,76000,0.23232323232323235,0.48881355251338543,-0.0896216842377209
814,Data analyst,Full Time,Senior,Arlington,USD,90000,0.3030303030303031,0.4713716142829195,-0.06904087846482114
815,Data analyst,Full Time,Senior,New York City,USD,70000,0.20202020202020202,0.4759188309440625,-0.07576034920653986
816,Data analyst,Full Time,Senior,Remote US,USD,63000,0.16666666666666666,0.46308532533837427,-0.054532782099101805
817,Data analyst,Full Time,Senior,Montreal,USD,63000,0.16666666666666666,0.4673186624320233,-0.05001690426357928
818,Data analyst,Full Time,Mid,Minato City,USD,51000,0.10606060606060605,-0.930156406202076,-0.28687884997409
819,Data analyst,Full Time,Mid,Brampton,USD,51000,0.10606060606060605,-0.9533578296005263,-0.30651260696836363
820,Data analyst,Full Time,Entry,Berchem,USD,30000,0.0,-0.43547477195837103,1.0221391175744294
821,Data analyst,Full Time,Mid,Remote,USD,115000,0.4292929292929293,-0.8733640812611542,-0.3487807192273763
822,Data analyst,Full Time,Mid,Barcelona,USD,51000,0.10606060606060605,-0.9395498765998291,-0.2779267995529476
824,Data analyst,Full Time,Senior,London,GBP,57000,0.13636363636363638,0.4501233986608173,-0.11662440736509375
825,Data analyst,Full Time,Senior,Minneapolis,USD,96000,0.33333333333333337,0.47959607084704303,-0.072436873809765
826,Data analyst,Full Time,Mid,Paris,USD,40000,0.0505050505050505,-0.9667180233504822,-0.21072942088281818
827,Data analyst,Full Time,Senior,Englewood Cliffs,USD,70000,0.20202020202020202,0.46579991014645056,-0.0581231641328046
829,Data analyst,Full Time,Senior,San Francisco,USD,110000,0.4040404040404041,0.5312239999234033,-0.09484890289026367
830,Data analyst,Full Time,Entry,Tunis,USD,30000,0.0,-0.43547477195837114,1.0221391175744294
831,Data analyst,Full Time,Mid,New York City,USD,124000,0.4747474747474748,-0.8783169854026618,-0.34312891456181904
835,Data analyst,Full Time,Senior,Bengaluru,USD,63000,0.16666666666666666,0.45657408452547527,-0.08313867929579172
838,Data analyst,Full Time,Mid,Reno,USD,51000,0.10606060606060605,-0.930156406202076,-0.2868788499740903
840,Data analyst,Full Time,Mid,Paris,USD,51000,0.10606060606060605,-0.9608940239034172,-0.21674974315094236
841,Data analyst,Full Time,Mid,Bengaluru,USD,51000,0.10606060606060605,-0.9326057285036385,-0.31438531104232564
844,Data analyst,Full Time,Senior,Mexico City,USD,63000,0.16666666666666666,0.46211016372878677,-0.048427656753464124
847,Data analyst,Full Time,Entry,Hamburg,USD,30000,0.0,-0.43336172775912896,1.027406585844122
849,Data analyst,Full Time,Senior,India - Bengaluru,USD,63000,0.16666666666666666,0.46212891953877455,-0.048479876557615376
850,Data analyst,Full Time,Mid,Brazil - Remote,USD,51000,0.10606060606060605,-0.9291423511570776,-0.28720863634355676
852,Data analyst,Full Time,Senior,New York,USD,70000,0.20202020202020202,0.4701789635327906,-0.06018695527883467
853,Data analyst,Full Time,Senior,Nottingham,USD,63000,0.16666666666666666,0.4620855591885986,-0.054269473065930635
854,Data analyst,Full Time,Senior,Malaysia - Kuala Lumpur,USD,63000,0.16666666666666666,0.4631063790107172,-0.05459118112483615
855,Data analyst,Full Time,Entry,Heredia,USD,30000,0.0,-0.43439326034277176,1.0276791391699747
856,Data analyst,Full Time,Mid,United States - Remote,USD,51000,0.10606060606060605,-0.9426764984552229,-0.2949428654278582
857,Data analyst,Full Time,Senior,East Windsor,USD,63000,0.16666666666666666,0.46516160961467157,-0.05524617704539576
862,Data analyst,Full Time,Mid,Reigate,USD,51000,0.10606060606060605,-0.930156406202076,-0.2868788499740898
865,Data analyst,Full Time,Executive,Hyderabad,USD,46000,0.0808080808080808,-0.30978284211031076,0.2515122949556124
866,Data analyst,Full Time,Senior,Paris,USD,63000,0.16666666666666666,0.4282857891256965,0.014496888595591515
867,Data analyst,Full Time,Entry,West Point,USD,30000,0.0,-0.43547477195837114,1.0221391175744292
868,Data analyst,Internship,Senior,Casa Grande,USD,63000,0.16666666666666666,0.4241074942938474,0.17530617660824466
870,Data analyst,Full Time,Senior,Milan,USD,63000,0.16666666666666666,0.45906024109662835,-0.04987845711373297
872,Data analyst,Full Time,Senior,Paris,USD,63000,0.16666666666666666,0.4282857891256965,0.014496888595591515
875,Data analyst,Full Time,Senior,Montreal,USD,63000,0.16666666666666666,0.4673186624320233,-0.05001690426357928
879,Data analyst,Full Time,Senior,Stevenage,USD,63000,0.16666666666666666,0.4620855591885986,-0.05426947306593133
881,Data analyst,Full Time,Senior,Miami - will also consider remote in …,USD,63000,0.16666666666666666,0.463112227253035,-0.05460740307642985
882,Data analyst,Full Time,Mid,London,USD,51000,0.10606060606060605,-0.93587968739717,-0.3511548512578773
883,Data analyst,Full Time,Mid,Suitland-Silver Hill,USD,51000,0.10606060606060605,-0.9322112682957592,-0.28857945981570715
884,Data analyst,Full Time,Mid,Boulder,USD,160000,0.6565656565656566,-0.8743053970268888,-0.34877719365630466
886,Data analyst,Full Time,Senior,Atlanta,USD,63000,0.16666666666666666,0.4694932370934435,-0.05707544744280617
887,Data analyst,Full Time,Mid,Newcastle upon Tyne,USD,51000,0.10606060606060605,-0.930156406202076,-0.2868788499740905
888,Data analyst,Full Time,Mid,Boulder,USD,109000,0.398989898989899,-0.901307576281463,-0.3208647904131833
889,Data analyst,Internship,Senior,Omaha,USD,63000,0.16666666666666666,0.4230868639629059,0.1756199008181315
891,Data analyst,Full Time,Senior,Hamburg,USD,68000,0.1919191919191919,0.46487174596789915,-0.04543236020051496
893,Data analyst,Full Time,Entry,Lyon,USD,30000,0.0,-0.4426546302510861,1.0232890212613777
895,Data analyst,Full Time,Entry,Mumbai,USD,30000,0.0,-0.43740309673523764,1.0343298078175867
896,Data analyst,Full Time,Senior,Remote,USD,63000,0.16666666666666666,0.4819306440759451,-0.08250675792084679
897,Data analyst,Full Time,Senior,Stamford,USD,100000,0.3535353535353536,0.4827827493189637,-0.07508144091055931
898,Data analyst,Full Time,Senior,London,USD,63000,0.16666666666666666,0.45330012563194366,-0.11990821951134331
900,Data analyst,Full Time,Mid,Cork,USD,51000,0.10606060606060605,-0.930156406202076,-0.2868788499740905
901,Data analyst,Full Time,Entry,Singapore,USD,30000,0.0,-0.43839622573131104,1.0249649881999587
902,Data analyst,Full Time,Senior,Sydney,USD,63000,0.16666666666666666,0.4610005155525634,-0.06116383077233227
903,Data analyst,Full Time,Entry,Bukit Jalil,USD,30000,0.0,-0.43547477195837103,1.0221391175744294
905,Data analyst,Full Time,Senior,São Paulo,USD,63000,0.16666666666666666,0.4661725318061601,-0.05551354201792265
906,Data analyst,Full Time,Mid,Athens,USD,51000,0.10606060606060605,-0.9384872998595118,-0.2964533950202938
907,Data analyst,Full Time,Entry,Lille,USD,30000,0.0,-0.43547477195837103,1.0221391175744285
908,Data analyst,Full Time,Senior,London,USD,68000,0.1919191919191919,0.4559473981078824,-0.12264472963321797
912,Data analyst,Full Time,Mid,Colorado Springs,USD,100000,0.3535353535353536,-0.9101748116821782,-0.31950322169191553
914,Data analyst,Full Time,Mid,Monterrey,USD,51000,0.10606060606060605,-0.9363636233554486,-0.29199920913792154
915,Data analyst,Full Time,Senior,Stockholm,USD,63000,0.16666666666666666,0.4641375803130239,-0.05493304478849313
918,Data analyst,Full Time,Senior,London,USD,63000,0.16666666666666666,0.45330012563194366,-0.11990821951134331
919,Data analyst,Full Time,Senior,Bucharest,USD,63000,0.16666666666666666,0.4611278879508457,-0.04824764369273728
920,Data analyst,Full Time,Entry,Milwaukee,USD,30000,0.0,-0.43547477195837103,1.0221391175744294
922,Data analyst,Full Time,Senior,São Paulo,USD,63000,0.16666666666666666,0.4661725318061601,-0.05551354201792265
923,Data analyst,Full Time,Senior,Nanterre,USD,63000,0.16666666666666666,0.4631063790107172,-0.05459118112485287
924,Data analyst,Full Time,Senior,Barcelona,USD,63000,0.16666666666666666,0.44962993642928434,-0.04668016780641354
926,Data analyst,Full Time,Senior,East Windsor,USD,63000,0.16666666666666666,0.46516160961467157,-0.05524617704539576
927,Data analyst,Full Time,Senior,Heredia,USD,63000,0.16666666666666666,0.4611929409083178,-0.04242329675278785
928,Data analyst,Full Time,Entry,Saint-Herblain,USD,30000,0.0,-0.43547477195837114,1.0221391175744294
929,Data analyst,Full Time,Senior,Santa Clara,USD,130000,0.5050505050505051,0.504074284212066,-0.07897064696518945
930,Data analyst,Full Time,Mid,Arlington,USD,51000,0.10606060606060605,-0.9321034701162629,-0.2855103555532319
931,Data analyst,Full Time,Entry,Oslo,USD,30000,0.0,-0.4405900545184702,1.024993247003641
933,Data analyst,Full Time,Senior,Canada,USD,63000,0.16666666666666666,0.46616546709417284,-0.05549372321989631
934,Data analyst,Full Time,Senior,United States,USD,63000,0.16666666666666666,0.4841317485561915,-0.060978433313377996
936,Data analyst,Full Time,Entry,London,USD,30000,0.0,-0.44228607561914574,0.9501942164114191
938,Data analyst,Full Time,Senior,Paris,USD,63000,0.16666666666666666,0.4282857891256965,0.014496888595591515
939,Data analyst,Full Time,Mid,Paris,USD,51000,0.10606060606060605,-0.9608940239034172,-0.21674974315094236
940,Data analyst,Full Time,Mid,Washington,USD,84000,0.2727272727272727,-0.9074237796489794,-0.30703755020174556
941,Data analyst,Full Time,Senior,Santa Clara,USD,130000,0.5050505050505051,0.504074284212066,-0.07897064696518945
942,Data analyst,Full Time,Mid,Warsaw,USD,51000,0.10606060606060605,-0.9363756332113513,-0.29750679100479277
946,Data analyst,Full Time,Entry,Paris,USD,30000,0.0,-0.46730041212539297,1.084599324518354
947,Data analyst,Full Time,Mid,Bengaluru,USD,51000,0.10606060606060605,-0.9326057285036385,-0.31438531104232564
948,Data analyst,Full Time,Senior,Liverpool,USD,63000,0.16666666666666666,0.4620855591885986,-0.054269473065931044
951,Data analyst,Full Time,Mid,Singapore,USD,51000,0.10606060606060605,-0.9319898375093356,-0.27638407946933774
952,Data analyst,Full Time,Senior,Jakarta,USD,63000,0.16666666666666666,0.46310637901071733,-0.05459118112487723
953,Data analyst,Full Time,Senior,São Paulo,USD,63000,0.16666666666666666,0.4661725318061601,-0.05551354201792265
954,Data analyst,Full Time,Entry,London,USD,30000,0.0,-0.44228607561914574,0.9501942164114191
955,Data analyst,Full Time,Entry,Remote job,USD,30000,0.0,-0.43240636559146406,1.018954987271739
956,Data analyst,Full Time,Senior,New York City,USD,110000,0.4040404040404041,0.4970970107515714,-0.09765243018153702
957,Data analyst,Full Time,Entry,Modena,USD,30000,0.0,-0.43547477195837103,1.0221391175744288
958,Data analyst,Full Time,Mid,Aventura,USD,51000,0.10606060606060605,-0.930156406202076,-0.28687884997409024
959,Data analyst,Full Time,Mid,Fremont,USD,51000,0.10606060606060605,-0.930156406202076,-0.2868788499740899
962,Data analyst,Full Time,Senior,Amsterdam,USD,63000,0.16666666666666666,0.4664048494091206,-0.05007913330932679
963,Data analyst,Full Time,Senior,Bangkok,USD,63000,0.16666666666666666,0.47281458045967606,-0.07758169783923338
967,Data analyst,Full Time,Senior,Atlanta,USD,68000,0.1919191919191919,0.472140509569382,-0.05981195756468081
968,Data analyst,Full Time,Entry,Barcelona,USD,30000,0.0,-0.44595626482180506,1.0234222681163492
969,Data analyst,Full Time,Senior,Bangkok,USD,68000,0.1919191919191919,0.4754618529356147,-0.08031820796110802
970,Data analyst,Full Time,Senior,Poland,USD,63000,0.16666666666666666,0.46411061883616533,-0.054857978817567585
971,Data analyst,Full Time,Senior,London,USD,63000,0.16666666666666666,0.45330012563194366,-0.11990821951134331
972,Data analyst,Full Time,Senior,Bangkok,USD,63000,0.16666666666666666,0.47281458045967606,-0.07758169783923338
974,Data analyst,Full Time,Senior,USA (remote),USD,68000,0.1919191919191919,0.4657653479712912,-0.05736013514998385
975,Data analyst,Full Time,Senior,Bengaluru,USD,63000,0.16666666666666666,0.45657408452547527,-0.08313867929579172
977,Data analyst,Full Time,Mid,Bangkok,USD,51000,0.10606060606060605,-0.9163652325694377,-0.3088283295857672
978,Data analyst,Full Time,Mid,London,USD,51000,0.10606060606060605,-0.93587968739717,-0.3511548512578773
979,Data analyst,Full Time,Senior,Bangkok,USD,63000,0.16666666666666666,0.47281458045967606,-0.07758169783923338
984,Data analyst,Full Time,Entry,India - Bengaluru,USD,30000,0.0,-0.433457281712315,1.021622559365147
988,Data analyst,Full Time,Senior,Bengaluru,USD,63000,0.16666666666666666,0.45657408452547527,-0.08313867929579172
989,Data analyst,Full Time,Mid,Brampton,USD,51000,0.10606060606060605,-0.9533578296005263,-0.30651260696836363
990,Data analyst,Full Time,Senior,Stockholm,USD,63000,0.16666666666666666,0.4641375803130239,-0.05493304478849313
992,Data analyst,Full Time,Mid,O'Fallon,USD,51000,0.10606060606060605,-0.930156406202076,-0.2868788499740898
994,Data analyst,Full Time,Mid,New York City,USD,140000,0.5555555555555556,-0.869845713479658,-0.3518857469518178
997,Data analyst,Full Time,Mid,Bengaluru,USD,51000,0.10606060606060605,-0.9326057285036385,-0.31438531104232564
999,Data analyst,Full Time,Senior,United States,USD,110000,0.4040404040404041,0.5090161098300146,-0.08670162845899965
1000,Data analyst,Full Time,Mid,Richmond,USD,51000,0.10606060606060605,-0.930156406202076,-0.2868788499740898
1001,Data analyst,Full Time,Senior,Casa Grande,USD,63000,0.16666666666666666,0.4630204142367156,-0.05323638727953733
1002,Data analyst,Full Time,Mid,Southfield,USD,51000,0.10606060606060605,-0.930156406202076,-0.28687884997409013
1003,Data analyst,Full Time,Senior,Bangkok,USD,63000,0.16666666666666666,0.47281458045967606,-0.07758169783923338
1004,Data analyst,Full Time,Senior,London,USD,63000,0.16666666666666666,0.45330012563194366,-0.11990821951134331
1006,Data analyst,Full Time,Senior,West Palm Beach,USD,63000,0.16666666666666666,0.46310637901071733,-0.054591181124882524
1010,Data analyst,Full Time,Mid,İstanbul,USD,51000,0.10606060606060605,-0.9322112682957588,-0.28857945981569433
1011,Data analyst,Full Time,Mid,Saint-Sauveur,USD,51000,0.10606060606060605,-0.930156406202076,-0.2868788499740902
1013,Data analyst,Full Time,Entry,Hamburg,USD,30000,0.0,-0.43336172775912896,1.027406585844122
1014,Data analyst,Full Time,Mid,Stuttgart,USD,51000,0.10606060606060605,-0.9300082519302403,-0.26929941503889326
1015,Data analyst,Full Time,Entry,Madrid,USD,30000,0.0,-0.42842400638753925,1.020529584911356
1016,Data analyst,Full Time,Senior,New York City,USD,63000,0.16666666666666666,0.4722126494777483,-0.07192923503591538
1018,Data analyst,Full Time,Mid,Paris,USD,51000,0.10606060606060605,-0.9608940239034172,-0.21674974315094236
1019,Data analyst,Full Time,Mid,Sydney,USD,51000,0.10606060606060605,-0.9281792974765505,-0.29241046251886627
1020,Data analyst,Full Time,Senior,Bangkok,USD,63000,0.16666666666666666,0.47281458045967606,-0.07758169783923338
1021,Data analyst,Full Time,Mid,Cape Town,USD,51000,0.10606060606060605,-0.9332626552478889,-0.2847854090170878
1024,Data analyst,Full Time,Senior,Ontario,USD,63000,0.16666666666666666,0.463112227253035,-0.054607403076493394
1027,Data analyst,Full Time,Senior,Washington DC - will also consider remote …,USD,63000,0.16666666666666666,0.4641375803130236,-0.05493304478679095
1030,Data analyst,Full Time,Senior,Bengaluru,USD,63000,0.16666666666666666,0.45657408452547527,-0.08313867929579172
1031,Data analyst,Full Time,Senior,Pune,USD,63000,0.16666666666666666,0.4630701878342048,-0.056872850986080296
1032,Data analyst,Full Time,Entry,Kraków,USD,30000,0.0,-0.43748519581458506,1.0263181348316477
1033,Data analyst,Full Time,Senior,Irving,USD,63000,0.16666666666666666,0.4651792322038382,-0.05529542681049343
1034,Data analyst,Full Time,Senior,Malaysia - Kuala Lumpur,USD,63000,0.16666666666666666,0.4631063790107172,-0.05459118112483615
1035,Data analyst,Full Time,Senior,Sydney,USD,63000,0.16666666666666666,0.4610005155525634,-0.06116383077233227
1036,Data analyst,Full Time,Senior,Montreal,USD,63000,0.16666666666666666,0.4673186624320233,-0.05001690426357928
1038,Data analyst,Full Time,Senior,United States,USD,63000,0.16666666666666666,0.4841317485561915,-0.060978433313377996
1039,Data analyst,Full Time,Mid,Boston,USD,124000,0.4747474747474748,-0.8771310137677377,-0.327420898231025
1040,Data analyst,Full Time,Senior,Remote - USA,USD,63000,0.16666666666666666,0.4631063790107174,-0.05459118112488711
1044,Data analyst,Full Time,Senior,Remote,USD,63000,0.16666666666666666,0.4819306440759451,-0.08250675792084679
1046,Data analyst,Internship,Entry,Wien,USD,30000,0.0,-0.47552165385098694,1.2594504812405327
1047,Data analyst,Full Time,Senior,New York City,USD,90000,0.3030303030303031,0.4865079208478169,-0.08670638969403843
1048,Data analyst,Full Time,Senior,Stamford,USD,100000,0.3535353535353536,0.4827827493189641,-0.07508144091055927
1049,Data analyst,Full Time,Entry,Kraków,USD,30000,0.0,-0.43748519581458506,1.0263181348316477
1054,Data analyst,Full Time,Senior,Washington DC - will also consider remote …,USD,63000,0.16666666666666666,0.4641375803130236,-0.05493304478679095
1055,Data analyst,Full Time,Mid,Cairo,USD,51000,0.10606060606060605,-0.930156406202076,-0.2868788499740901
1056,Data analyst,Full Time,Mid,Colorado Springs,USD,100000,0.3535353535353536,-0.9101748116821782,-0.31950322169191553
1057,Data analyst,Full Time,Mid,İstanbul,USD,51000,0.10606060606060605,-0.9322112682957588,-0.28857945981569433
1107,Data analyst,Full Time,Senior,Remote (US),USD,115000,0.4292929292929293,0.4896778805897839,-0.08289689241985064
1114,Data analyst,Full Time,Senior,San Francisco,USD,129000,0.5,0.5412836353319701,-0.10524764135338732
1118,Data analyst,Full Time,Senior,Enkhuizen,USD,68000,0.1919191919191919,0.46369976301307697,-0.05902244313597294
1121,Data analyst,Full Time,Senior,Brooklyn,USD,104000,0.3737373737373738,0.49253021216104453,-0.08721871664245678
1131,Data analyst,Full Time,Senior,Brooklyn,USD,130000,0.5050505050505051,0.5062960290359253,-0.10144856927620494
1158,Data analyst,Full Time,Mid,Paris,USD,40000,0.0505050505050505,-0.9667180233504822,-0.21072942088281818
1174,Data analyst,Full Time,Entry,Mumbai,USD,30000,0.0,-0.43740309673523764,1.0343298078175867
1177,Data analyst,Full Time,Mid,Mechelen,USD,51000,0.10606060606060605,-0.930156406202076,-0.28687884997409047
1178,Data analyst,Full Time,Senior,San Jose,USD,46000,0.0808080808080808,0.4601635776203965,-0.04568028979382066
1180,Data analyst,Full Time,Mid,Genève,USD,51000,0.10606060606060605,-0.930156406202076,-0.28687884997408947
1181,Data analyst,Full Time,Senior,Paris,USD,46000,0.0808080808080808,0.4192850627075052,0.023801023009965352
1183,Data analyst,Full Time,Mid,Marousi,USD,51000,0.10606060606060605,-0.930156406202076,-0.2868788499740901
1184,Data analyst,Full Time,Senior,Irving,USD,68000,0.1919191919191919,0.46782650467977677,-0.058031936932368085
1187,Data analyst,Full Time,Senior,India - Bengaluru,USD,46000,0.0808080808080808,0.4531281931205829,-0.039175742143241564
1188,Data analyst,Full Time,Senior,San Francisco,USD,110000,0.4040404040404041,0.5312239999234033,-0.09484890289026367
1189,Data analyst,Full Time,Mid,Brampton,USD,51000,0.10606060606060605,-0.9533578296005263,-0.30651260696836363
1190,Data analyst,Full Time,Senior,US / Remote,USD,46000,0.0808080808080808,0.4530649925766727,-0.0449105090463805
1191,Data analyst,Full Time,Senior,New York City,USD,131000,0.5101010101010102,0.5082155551505139,-0.1091457726934106
1193,Data analyst,Full Time,Senior,Dubai,USD,46000,0.0808080808080808,0.45202831935646226,-0.04691652384328739
1194,Data analyst,Full Time,Senior,Mountain View,USD,68000,0.1919191919191919,0.4627264394691029,-0.029648660796408516
1195,Data analyst,Full Time,Mid,Bengaluru,USD,51000,0.10606060606060605,-0.9326057285036385,-0.31438531104232564
1197,Data analyst,Full Time,Entry,Walnut Creek,USD,30000,0.0,-0.43547477195837114,1.0221391175744292
1198,Data analyst,Full Time,Senior,USA,USD,46000,0.0808080808080808,0.4530649925766727,-0.044910509046380304
1199,Data analyst,Full Time,Mid,Berlin,USD,51000,0.10606060606060605,-0.9191335125535091,-0.29910225319381906
1200,Big data,Full Time,Senior,Remote,EUR,65000,0.17676767676767677,0.4829895530663205,-0.08360136196959664
1201,Big data,Full Time,Mid,London,USD,51000,0.10606060606060605,-0.93587968739717,-0.3511548512578773
1202,Big data,Full Time,Senior,London,USD,30000,0.0,0.4358281272907489,-0.10184725270697068
1203,Big data,Full Time,Mid,London,USD,45000,0.07575757575757577,-0.9390564143682962,-0.34787103911162776
1204,Big data,Full Time,Senior,London,USD,30000,0.0,0.4358281272907489,-0.10184725270697068
1205,Big data,Full Time,Senior,Somerville,USD,69000,0.196969696969697,0.4673225129510198,-0.05823970309815328
1207,Big data,Full Time,Senior,Somerville,USD,69000,0.196969696969697,0.4673225129510198,-0.05823970309815328
1208,Big data,Full Time,Senior,London,USD,62000,0.16161616161616163,0.452770671136756,-0.1193609174869684
1209,Big data,Full Time,Senior,London,USD,62000,0.16161616161616163,0.452770671136756,-0.1193609174869684
1210,Big data,Full Time,Senior,London,USD,62000,0.16161616161616163,0.452770671136756,-0.1193609174869684
1211,Big data,Full Time,Mid,London,USD,45000,0.07575757575757577,-0.9390564143682962,-0.34787103911162776
1212,Big data,Full Time,Senior,Boulogne-Billancourt,USD,62000,0.16161616161616163,0.4585425089826814,-0.04936379246767801
1213,Big data,Full Time,Mid,London,USD,45000,0.07575757575757577,-0.9390564143682962,-0.34787103911162776
1214,Big data,Full Time,Senior,London,USD,62000,0.16161616161616163,0.452770671136756,-0.1193609174869684
1215,Big data,Full Time,Senior,Tel Aviv,USD,30000,0.0,0.4476625899700837,-0.03710969393999955
1216,Big data,Full Time,Senior,Brussels,USD,62000,0.16161616161616163,0.4574367740279418,-0.05708825547739558
1219,Big data,Full Time,Senior,Boston,USD,63000,0.16666666666666666,0.4733986211126724,-0.05622121870512122
1220,Big data,Full Time,Senior,Boston - Remote,USD,63000,0.16666666666666666,0.4631063790107172,-0.05459118112486005
1221,Big data,Full Time,Senior,Porto,USD,56000,0.1313131313131313,0.4584129725279684,-0.04692601324241759
1222,Big data,Full Time,Mid,Poznań,USD,45000,0.07575757575757577,-0.9373568687497817,-0.27308185846718036
1223,Big data,Full Time,Senior,London,USD,76000,0.23232323232323235,0.4601830340693843,-0.1270231458282175
1224,Big data,Full Time,Senior,Cambridge,USD,68000,0.1919191919191919,0.46468783882656006,-0.06173030847744083
1225,Big data,Full Time,Senior,Cambridge,USD,63000,0.16666666666666666,0.4620405663506213,-0.05899379835556618
1226,Big data,Full Time,Senior,London,USD,76000,0.23232323232323235,0.4601830340693843,-0.1270231458282175
1227,Big data,Full Time,Senior,Remote,USD,120000,0.4545454545454546,0.5121095503016455,-0.11370297331021778
1230,Big data,Full Time,Senior,Chicago,USD,113000,0.4191919191919192,0.4916442836559951,-0.08387434690937783
1234,Big data,Full Time,Entry,Katowice,USD,30000,0.0,-0.43643680436011545,1.0281983296621784
1238,Big data,Full Time,Senior,Kusterdingen,USD,76000,0.23232323232323235,0.47106034484668785,-0.06215893818997822
1240,Big data,Full Time,Senior,Kyiv,USD,30000,0.0,0.44555718387093013,-0.03631608455928376
1242,Big data,Full Time,Senior,Salt Lake City,USD,68000,0.1919191919191919,0.4657653479712912,-0.05736013514997823
1243,Big data,Full Time,Senior,Basel,USD,68000,0.1919191919191919,0.46884570822612504,-0.05832272107220896
1254,Big data,Full Time,Senior,Santa Clara,USD,171000,0.7121212121212122,0.5257819185147627,-0.10141002996456157
1263,Big data,Full Time,Senior,São Paulo,USD,30000,0.0,0.4487005334649652,-0.03745257521354998
1264,Big data,Full Time,Senior,United States,USD,63000,0.16666666666666666,0.4841317485561915,-0.060978433313377996
1267,Big data,Full Time,Senior,San Francisco,USD,106000,0.38383838383838387,0.5291061819426525,-0.09265969479276397
1275,Big data,Full Time,Senior,Basel,USD,68000,0.1919191919191919,0.46884570822612504,-0.05832272107220896
1277,Big data,Full Time,Mid,Abu Dhabi,USD,51000,0.10606060606060605,-0.9332599394908524,-0.29067103797690974
1284,Big data,Full Time,Senior,Cape Town,USD,30000,0.0,0.43844515944003004,-0.03547781046618124
1285,Big data,Full Time,Senior,Aarhus,USD,68000,0.1919191919191919,0.46679657517020384,-0.057702192287908495
1290,Big data,Full Time,Senior,Remote,USD,68000,0.1919191919191919,0.4845779165518837,-0.08524326804272142
1291,Big data,Full Time,Senior,Jealott's Hill,USD,68000,0.1919191919191919,0.46678250831271356,-0.057663027432911795
1295,Big data,Full Time,Senior,Remote,USD,76000,0.23232323232323235,0.48881355251338543,-0.0896216842377209
1296,Big data,Full Time,Senior,Beaverton,USD,76000,0.23232323232323235,0.4700044928781837,-0.06174828451592983
1298,Big data,Full Time,Mid,Paris,USD,51000,0.10606060606060605,-0.9608940239034163,-0.21674974315094206
1305,Big data,Full Time,Executive,Hyderabad,USD,46000,0.0808080808080808,-0.30978284211031076,0.2515122949556124
1311,Big data,Full Time,Senior,Dublin,USD,30000,0.0,0.44659876439874724,-0.03668604492692566
1313,Big data,Full Time,Senior,Kusterdingen,USD,76000,0.23232323232323235,0.47106034484668785,-0.06215893818997822
1319,Big data,Full Time,Entry,Poznań,USD,30000,0.0,-0.4405865300006311,1.024983397055867
1320,Big data,Full Time,Senior,Singapore,USD,56000,0.1313131313131313,0.4534837940534642,-0.04130633355217924
1323,Big data,Full Time,Senior,London,USD,76000,0.23232323232323235,0.4601830340693843,-0.1270231458282175
1327,Big data,Full Time,Senior,Hyderabad,USD,30000,0.0,0.4462490277807961,-0.03398365057815378
1328,Big data,Full Time,Senior,Warszawa,USD,30000,0.0,0.44361729121035454,-0.030079612007787405
1333,Big data,Full Time,Senior,Poland,USD,63000,0.16666666666666666,0.46411061883616533,-0.054857978817567585
1334,Big data,Full Time,Senior,Bangkok,USD,63000,0.16666666666666666,0.47281458045967606,-0.07758169783923338
1336,Big data,Full Time,Mid,Bangkok,USD,51000,0.10606060606060605,-0.9163652325694377,-0.3088283295857672
1340,Big data,Full Time,Senior,Bangkok,USD,63000,0.16666666666666666,0.47281458045967606,-0.07758169783923338
1351,Big data,Full Time,Senior,Bengaluru,USD,30000,0.0,0.4391020861842803,-0.06507771249141904
1353,Big data,Full Time,Senior,United States,USD,63000,0.16666666666666666,0.4841317485561915,-0.060978433313377996
1355,Big data,Full Time,Senior,Bengaluru,USD,30000,0.0,0.4391020861842803,-0.06507771249141904
1357,Big data,Internship,Entry,Wien,USD,30000,0.0,-0.47552165385098694,1.2594504812405327
1363,Big data,Full Time,Senior,Mexico City,USD,30000,0.0,0.4446381653875918,-0.030366689949091464
1365,Big data,Full Time,Senior,Baar,USD,68000,0.1919191919191919,0.4657653479712912,-0.05736013514999699
1368,Big data,Full Time,Senior,Hyderabad,USD,30000,0.0,0.4462490277807961,-0.03398365057815378
1373,Big data,Full Time,Senior,Remote,USD,100000,0.3535353535353536,0.5015204603978909,-0.10275693282271918
1380,Big data,Full Time,Mid,Bordeaux,USD,40000,0.0505050505050505,-0.9380610000090216,-0.2824877609605166
1392,Big data,Full Time,Entry,Mumbai,USD,30000,0.0,-0.43740309673523764,1.0343298078175867
1397,Big data,Full Time,Senior,Petach Tikva,USD,30000,0.0,0.4445750475301542,-0.03610207232209683
1398,Big data,Full Time,Senior,Bengaluru,USD,30000,0.0,0.4391020861842803,-0.06507771249141904
1400,Big data,Full Time,Senior,Remote (Anywhere US),USD,30000,0.0,0.4445750475301542,-0.03610207232209693
1410,Big data,Full Time,Senior,New York City,USD,129000,0.5,0.5071566461601383,-0.10805116864466073
1413,Big data,Full Time,Senior,Athens,USD,76000,0.23232323232323235,0.4575754216070423,-0.07232168959063401
1414,Big data,Full Time,Senior,Kusterdingen,USD,76000,0.23232323232323235,0.47106034484668785,-0.06215893818997822
1416,Big data,Full Time,Senior,New York City; San Francisco,USD,178000,0.7474747474747475,0.526418950933777,-0.1192201548727746
1421,Big data,Full Time,Senior,Bangkok,USD,46000,0.0808080808080808,0.46381385404148456,-0.06827756342485959
1424,Big data,Full Time,Senior,Delhi,USD,76000,0.23232323232323235,0.4721056096945577,-0.06253183587398818
1426,Big data,Full Time,Senior,Delhi,USD,76000,0.23232323232323235,0.4721056096945577,-0.06253183587398818
1430,Big data,Full Time,Senior,Bangkok,USD,46000,0.0808080808080808,0.46381385404148456,-0.06827756342485959
1431,Big data,Full Time,Mid,Bangkok,USD,51000,0.10606060606060605,-0.9163652325694377,-0.3088283295857672
1437,Big data,Full Time,Senior,Westminster,USD,100000,0.3535353535353536,0.4817185571086727,-0.07463898299083606
1449,Big data,Full Time,Mid,Toulouse,USD,30000,0.0,-0.943378937930169,-0.2769498529102885
1451,Big data,Full Time,Senior,Vero Beach,USD,45000,0.07575757575757577,0.4535340907526515,-0.04462294663455349
1453,Big data,Full Time,Senior,India,USD,30000,0.0,0.4476414428630838,-0.037050594218738665
1462,Big data,Full Time,Senior,Makati,USD,30000,0.0,0.4466362760187224,-0.036790484537129534
1463,Big data,Full Time,Senior,Cartagena,USD,76000,0.23232323232323235,0.46898363953889505,-0.06142632790441077
1464,Big data,Full Time,Mid,Granada,USD,38000,0.040404040404040414,-0.9370544865523723,-0.27972199513561025
1465,Big data,Full Time,Senior,Sydney,USD,30000,0.0,0.44352851721136866,-0.04310286396795961
1466,Big data,Full Time,Senior,Remote,USD,76000,0.23232323232323235,0.48881355251338543,-0.0896216842377209
1468,Big data,Full Time,Mid,Las Vegas,USD,78000,0.24242424242424246,-0.9158296239360758,-0.30174308694631774
1469,Big data,Full Time,Senior,Singapore,USD,46000,0.0808080808080808,0.44818924910158703,-0.035833313308429954
1470,Big data,Full Time,Mid,Bangkok,USD,38000,0.040404040404040414,-0.9232481410068787,-0.30171340326889323
1471,Big data,Full Time,Senior,Bengaluru,USD,76000,0.23232323232323235,0.46345699296291565,-0.0902536056126658
1472,Big data,Full Time,Mid,Enkhuizen,USD,38000,0.040404040404040414,-0.935010230929416,-0.28041763844375817
1473,Big data,Full Time,Senior,Bengaluru,USD,76000,0.23232323232323235,0.46345699296291565,-0.0902536056126658
1474,Big data,Full Time,Mid,Bengaluru,USD,30000,0.0,-0.9437242729025808,-0.3028919685304521
1475,Big data,Full Time,Mid,Bengaluru,USD,30000,0.0,-0.9437242729025808,-0.3028919685304521
1477,Big data,Full Time,Mid,Bengaluru,USD,30000,0.0,-0.9437242729025808,-0.3028919685304521
1478,Big data,Full Time,Mid,Monterrey,USD,38000,0.040404040404040414,-0.9432465317928891,-0.2848842828210475
1480,Big data,Full Time,Senior,Bangkok,USD,46000,0.0808080808080808,0.46381385404148456,-0.06827756342485959
1481,Big data,Full Time,Senior,Bangkok,USD,46000,0.0808080808080808,0.46381385404148456,-0.06827756342485959
1483,Big data,Full Time,Mid,Barcelona,USD,30000,0.0,-0.9506684209987716,-0.2664334570410739
1484,Big data,Full Time,Mid,Bangkok,USD,51000,0.10606060606060605,-0.9163652325694377,-0.3088283295857672
1488,Machine learning,Full Time,Mid,US east coast,USD,124000,0.4747474747474748,-0.893390321471381,-0.3290061885820295
1489,Machine learning,Full Time,Executive,Montréal,USD,81000,0.25757575757575757,-0.2945515795257758,0.23180785675815066
1490,Machine learning,Full Time,Mid,Remote,USD,51000,0.10606060606060605,-0.9072491689531688,-0.3137533896673807
1491,Machine learning,Full Time,Mid,Remote,USD,51000,0.10606060606060605,-0.9072491689531688,-0.3137533896673807
1492,Machine learning,Full Time,Senior,Stuttgart,USD,62000,0.16161616161616163,0.4586421066036856,-0.037505481267984406
1493,Machine learning,Full Time,Mid,Remote,USD,51000,0.10606060606060605,-0.9072491689531688,-0.3137533896673807
1494,Machine learning,Full Time,Senior,Boston,USD,120000,0.4545454545454546,0.5035775273383726,-0.08741743409449221
1495,Machine learning,Full Time,Senior,London,USD,68000,0.1919191919191919,0.4559473981078824,-0.12264472963321797
1496,Machine learning,Full Time,Mid,Remote,USD,51000,0.10606060606060605,-0.9072491689531688,-0.3137533896673807
1498,Machine learning,Full Time,Senior,Boston,USD,120000,0.4545454545454546,0.5035775273383726,-0.08741743409449221
1499,Machine learning,Full Time,Senior,Remote Poland,USD,56000,0.1313131313131313,0.4604009206554797,-0.051017073433200937
1501,Machine learning,Full Time,Senior,Research Triangle Park,USD,69000,0.196969696969697,0.4662971417634058,-0.057913925954960734
1502,Machine learning,Full Time,Mid,Remote,USD,51000,0.10606060606060605,-0.9072491689531688,-0.3137533896673807
1503,Machine learning,Full Time,Senior,Remote Poland,USD,56000,0.1313131313131313,0.4604009206554797,-0.051017073433200937
1504,Machine learning,Full Time,Mid,Remote,USD,51000,0.10606060606060605,-0.9072491689531688,-0.3137533896673807
1505,Machine learning,Full Time,Mid,Malvern,USD,56000,0.1313131313131313,-0.9295522993351841,-0.2913484138407993
1506,Machine learning,Full Time,Mid,Athens,USD,51000,0.10606060606060605,-0.9384872998595118,-0.2964533950202938
1508,Machine learning,Full Time,Senior,Remote Poland,USD,56000,0.1313131313131313,0.4604009206554797,-0.051017073433200937
1509,Machine learning,Full Time,Senior,Portland,USD,142000,0.5656565656565657,0.5051180885877837,-0.09834065472140606
1510,Machine learning,Full Time,Mid,Warsaw,USD,51000,0.10606060606060605,-0.9363756332113513,-0.29750679100479277
1511,Machine learning,Full Time,Senior,Santa Clara,USD,69000,0.196969696969697,0.47177756000561477,-0.04558522347831878
1513,Machine learning,Full Time,Mid,Warsaw,USD,51000,0.10606060606060605,-0.9363756332113513,-0.29750679100479277
1514,Machine learning,Full Time,Mid,Warsaw,USD,51000,0.10606060606060605,-0.9363756332113513,-0.29750679100479277
1515,Machine learning,Full Time,Senior,Remote,USD,62000,0.16161616161616163,0.48140118958075734,-0.08195945589647186
1516,Machine learning,Full Time,Mid,Toronto,USD,43000,0.06565656565656566,-0.9318371323601782,-0.282443776821477
1518,Machine learning,Full Time,Senior,Lisbon,USD,45000,0.07575757575757577,0.45457094228812,-0.047363420586530446
1520,Machine learning,Full Time,Senior,Mexico,USD,185000,0.7828282828282829,0.5268213901683023,-0.12143380308858964
1523,Machine learning,Full Time,Senior,Portland,USD,142000,0.5656565656565657,0.5051180885877837,-0.09834065472140606
1525,Machine learning,Full Time,Senior,Paris,USD,45000,0.07575757575757577,0.41875560821231744,0.02434832503434028
1530,Machine learning,Full Time,Senior,San Francisco,USD,190000,0.8080808080808082,0.5735803595384215,-0.13863306484025803
1531,Machine learning,Full Time,Senior,Seattle,USD,63000,0.16666666666666666,0.46739045504606036,-0.046151327640233025
1534,Machine learning,Full Time,Senior,United States (Remote),USD,45000,0.07575757575757577,0.45253437101126537,-0.04435998175111205
1535,Machine learning,Full Time,Entry,New York City,USD,30000,0.0,-0.423373551773341,0.9981732008868474
1536,Machine learning,Full Time,Senior,San Francisco,USD,201000,0.8636363636363636,0.5794043589854865,-0.14465338710838227
1537,Machine learning,Full Time,Senior,Washington,USD,81000,0.25757575757575757,0.47381421595231876,-0.06758138808958761
1539,Machine learning,Internship,Entry,Mountain View,USD,56000,0.1313131313131313,-0.4606541373259124,1.2575029965022626
1540,Machine learning,Full Time,Senior,New York City,USD,150000,0.6060606060606061,0.5182751905590806,-0.11954451115653421
1541,Machine learning,Full Time,Senior,Seattle,USD,45000,0.07575757575757577,0.4578602741326814,-0.03629989120148432
1543,Machine learning,Full Time,Senior,Seattle,USD,45000,0.07575757575757577,0.4578602741326814,-0.03629989120148432
1544,Machine learning,Internship,Entry,Mountain View,USD,56000,0.1313131313131313,-0.4606541373259124,1.2575029965022626
1545,Machine learning,Full Time,Senior,San Francisco,USD,165000,0.6818181818181819,0.5603439971587282,-0.12495051423088478
1549,Machine learning,Full Time,Mid,Sydney,USD,62000,0.16161616161616163,-0.9223552980294858,-0.2984307847869904
1550,Machine learning,Internship,Senior,New York City,USD,45000,0.07575757575757577,0.42376954862150124,0.1664647652906154
1551,Machine learning,Full Time,Mid,Athens,USD,43000,0.06565656565656566,-0.9427229358210136,-0.29207497882529443
1552,Machine learning,Full Time,Senior,Cambridge,USD,68000,0.1919191919191919,0.46468783882656006,-0.06173030847744083
1555,Machine learning,Full Time,Senior,Remote- US,USD,150000,0.6060606060606061,0.5128002498479988,-0.10471432230457263
1556,Machine learning,Full Time,Senior,Remote Canada,USD,63000,0.16666666666666666,0.4641106188361661,-0.0548579788178904
1558,Machine learning,Full Time,Senior,United States,USD,45000,0.07575757575757577,0.4746015676428124,-0.05112699687462927
1562,Machine learning,Full Time,Mid,Cape Town,USD,51000,0.10606060606060605,-0.9332626552478889,-0.2847854090170878
1564,Machine learning,Full Time,Senior,Cambridge,USD,63000,0.16666666666666666,0.4620405663506213,-0.05899379835556618
1570,Machine learning,Full Time,Senior,New York City,USD,175000,0.7323232323232324,0.5315115529387736,-0.13322706176590743
1580,Machine learning,Full Time,Senior,Montreal,USD,56000,0.1313131313131313,0.46361248096570945,-0.04618579009295478
1581,Machine learning,Full Time,Entry,Barcelona,USD,30000,0.0,-0.44595626482180506,1.0234222681163492
1583,Machine learning,Full Time,Mid,Athens,USD,63000,0.16666666666666666,-0.9321338459172596,-0.303021019312793
1584,Machine learning,Full Time,Mid,London,USD,43000,0.06565656565656566,-0.9401153233586717,-0.3467764350628778
1585,Machine learning,Full Time,Senior,Brooklyn,USD,196000,0.8383838383838385,0.5412400257183152,-0.13757050288495035
1586,Machine learning,Full Time,Senior,Remote Canada,USD,63000,0.16666666666666666,0.4641106188361661,-0.0548579788178904
1588,Machine learning,Full Time,Senior,Kyiv,USD,30000,0.0,0.44555718387093013,-0.03631608455928376
1589,Machine learning,Full Time,Senior,Remote - United States,USD,177000,0.7424242424242424,0.529827342336037,-0.11940059741217865
1590,Machine learning,Full Time,Senior,Bengaluru,USD,63000,0.16666666666666666,0.45657408452547527,-0.08313867929579172
1592,Machine learning,Full Time,Senior,Lisbon,USD,45000,0.07575757575757577,0.45457094228812,-0.047363420586530446
1596,Machine learning,Full Time,Senior,Australia,USD,45000,0.07575757575757577,0.45253437101126537,-0.04435998175111264
1597,Machine learning,Full Time,Senior,San Francisco,USD,167000,0.6919191919191919,0.5614029061491037,-0.12604511827963458
1598,Machine learning,Full Time,Senior,Sydney,USD,45000,0.07575757575757577,0.45147033463918423,-0.05131239433358355
1599,Machine learning,Full Time,Mid,Brampton,USD,43000,0.06565656565656566,-0.9575934655620281,-0.30213419077336434
1604,Machine learning,Full Time,Mid,Dallas,USD,40000,0.0505050505050505,-0.9402506063712508,-0.2892132465356773
1607,Machine learning,Full Time,Mid,Santiago de Querétaro,USD,45000,0.07575757575757577,-0.9343844502864903,-0.28561469579274984
1609,Machine learning,Full Time,Senior,Washington,USD,81000,0.25757575757575757,0.47381421595231876,-0.06758138808958761
1610,Machine learning,Full Time,Senior,Warsaw,USD,120000,0.4545454545454546,0.48298308604346296,-0.09745637464762985
1614,Machine learning,Full Time,Senior,San Francisco,USD,120000,0.4545454545454546,0.5365185448752805,-0.10032192313401292
1618,Machine learning,Full Time,Mid,La Libertad,USD,45000,0.07575757575757577,-0.9374789179673694,-0.28694147411639737
1619,Machine learning,Full Time,Mid,Santiago,USD,45000,0.07575757575757577,-0.9343844502864903,-0.2856146957918809
1624,Machine learning,Full Time,Entry,Seoul,USD,30000,0.0,-0.4282166280837907,1.026227943028062
1630,Machine learning,Full Time,Senior,New York City,USD,200000,0.8585858585858587,0.5447479153184669,-0.1469096123752807
1633,Machine learning,Full Time,Senior,New York,USD,95000,0.3282828282828283,0.48341532591248365,-0.07386950588820793
1634,Machine learning,Full Time,Mid,Dayton,USD,40000,0.0505050505050505,-0.9380610000090216,-0.28248776096048495
1635,Machine learning,Full Time,Senior,Seoul,USD,68000,0.1919191919191919,0.4700168456432373,-0.04661100301657535
1636,Machine learning,Full Time,Entry,Seattle,USD,30000,0.0,-0.4281957462050292,1.02395110828253
1638,Machine learning,Internship,Mid,Paris,USD,63000,0.16666666666666666,-0.9934534899040329,0.005225196444340017
1639,Machine learning,Full Time,Mid,Emeryville,USD,135000,0.5303030303030304,-0.8915146720300571,-0.3390199574763981
1640,Machine learning,Full Time,Entry,Massy - France,USD,36000,0.030303030303030304,-0.4332460416074269,1.0248755848320732
1641,Machine learning,Full Time,Senior,San Francisco,USD,68000,0.1919191919191919,0.508986911125519,-0.0718622178665166
1642,Machine learning,Internship,Mid,Brooklyn,USD,63000,0.16666666666666666,-0.9509167011713816,-0.07405102579433617
1645,Machine learning,Full Time,Senior,Seoul,USD,45000,0.07575757575757577,0.45783939225391984,-0.03402305645595197
1646,Machine learning,Internship,Mid,Paris,USD,63000,0.16666666666666666,-0.9934534899040329,0.005225196444340017
1647,Machine learning,Full Time,Senior,Oakville,USD,68000,0.1919191919191919,0.4667965751702045,-0.057702192288095595
1648,Machine learning,Full Time,Senior,Seoul,USD,45000,0.07575757575757577,0.45783939225391984,-0.03402305645595197
1656,Machine learning,Full Time,Senior,Munich,USD,45000,0.07575757575757577,0.44724985569532083,-0.05213579605611317
1657,Machine learning,Full Time,Senior,Lisbon,USD,45000,0.07575757575757577,0.45457094228812045,-0.04736342058653042
1658,Machine learning,Full Time,Senior,Santa Clara,USD,68000,0.1919191919191919,0.47124810551042695,-0.04503792145394382
1659,Machine learning,Full Time,Senior,Remote US,USD,45000,0.07575757575757577,0.4535551444249949,-0.04468134566035315
1663,Machine learning,Full Time,Senior,United States,USD,63000,0.16666666666666666,0.4841317485561915,-0.060978433313377996
1666,Machine learning,Internship,Mid,United States - Remote,USD,63000,0.16666666666666666,-0.9752359644558384,-0.07296792583257582
1667,Machine learning,Full Time,Entry,Calabasas,USD,120000,0.4545454545454546,-0.3885753630697866,0.9783571572105189
1669,Machine learning,Full Time,Entry,Carquefou,USD,30000,0.0,-0.4364368043601155,1.0281983296621924
1672,Machine learning,Full Time,Mid,United States - Remote,USD,100000,0.3535353535353536,-0.9167332281910241,-0.3217606646222299
1673,Machine learning,Full Time,Senior,Melbourne,USD,45000,0.07575757575757577,0.45253437101126537,-0.044359981751112325
1674,Machine learning,Full Time,Mid,New York City,USD,150000,0.6060606060606061,-0.8645511685277807,-0.35735876719556714
1676,Machine learning,Internship,Mid,Brooklyn,USD,63000,0.16666666666666666,-0.9509167011713816,-0.07405102579433617
1677,Machine learning,Full Time,Senior,Seattle,USD,45000,0.07575757575757577,0.4578602741326814,-0.03629989120148432
1678,Machine learning,Full Time,Mid,United States - Remote,USD,100000,0.3535353535353536,-0.9167332281910241,-0.3217606646222299
1679,Machine learning,Full Time,Mid,Ann Arbor,USD,90000,0.3030303030303031,-0.9104534965718628,-0.31053702329458155
1683,Machine learning,Full Time,Entry,Roppongi,USD,56000,0.1313131313131313,-0.43932121566116067,1.0001347281454247
1688,Machine learning,Full Time,Senior,Palo Alto,USD,45000,0.07575757575757577,0.458663037193683,-0.038814263012661034
1695,Machine learning,Full Time,Mid,United States - Remote,USD,43000,0.06565656565656566,-0.9469121344167246,-0.2905644492328589
1698,Machine learning,Full Time,Mid,Nairobi,USD,43000,0.06565656565656566,-0.9333814960639699,-0.2828204869775568
1701,Machine learning,Full Time,Mid,France - Remote,USD,43000,0.06565656565656566,-0.9364691275780676,-0.28413940020466694
1704,Machine learning,Full Time,Entry,Toronto,USD,36000,0.030303030303030304,-0.4308311576495262,1.0112430625065707
1705,Machine learning,Full Time,Senior,Remote - US; Remote - Canada,USD,168000,0.696969696969697,0.5188663607357118,-0.11252184150024602
1706,Machine learning,Full Time,Mid,Ahmedabad,USD,43000,0.06565656565656566,-0.9364691275780676,-0.28413940020461936
1708,Machine learning,Full Time,Mid,Barcelona,USD,40000,0.0505050505050505,-0.9453738760468946,-0.27190647728482326
1710,Machine learning,Full Time,Senior,New York City,USD,45000,0.07575757575757577,0.4626824685643694,-0.06207779859716662
1713,Machine learning,Full Time,Senior,San Francisco,USD,142000,0.5656565656565657,0.5481665437694103,-0.11236256767026138
1714,Machine learning,Full Time,Mid,Roppongi,USD,43000,0.06565656565656566,-0.9509162802755674,-0.282606070695124
1716,Machine learning,Full Time,Senior,Pune,USD,45000,0.07575757575757577,0.45354000692082563,-0.047021414547331546
1717,Machine learning,Full Time,Mid,Roppongi,USD,43000,0.06565656565656566,-0.9509162802755674,-0.282606070695124
1723,Machine learning,Full Time,Senior,Berlin,USD,120000,0.4545454545454546,0.5002252067013048,-0.09905183683665589
1725,Machine learning,Full Time,Senior,Remote,USD,76000,0.23232323232323235,0.48881355251338543,-0.0896216842377209
1726,Machine learning,Full Time,Senior,Remote - United States,USD,45000,0.07575757575757577,0.4599393489712573,-0.04715673019468799
1727,Machine learning,Full Time,Senior,Arlington,USD,90000,0.3030303030303031,0.4713716142829195,-0.06904087846482114
1730,Machine learning,Full Time,Senior,Aarhus,USD,68000,0.1919191919191919,0.46679657517020384,-0.057702192287908495
1734,Machine learning,Full Time,Senior,Arlington,USD,105000,0.3787878787878788,0.47931343171073537,-0.07725040883044508
1740,Machine learning,Full Time,Senior,Berlin,USD,120000,0.4545454545454546,0.5002252067013048,-0.09905183683665589
1741,Machine learning,Full Time,Mid,Brampton,USD,43000,0.06565656565656566,-0.9575934655620281,-0.30213419077336434
1746,Machine learning,Full Time,Senior,London,USD,45000,0.07575757575757577,0.4437699447185646,-0.11005678307259459
1747,Machine learning,Full Time,Senior,Vancouver,USD,132000,0.5151515151515152,0.4986984472017098,-0.0922558564394017
1749,Machine learning,Full Time,Senior,Remote,USD,45000,0.07575757575757577,0.47240046316256584,-0.07265532148209802
1750,Machine learning,Full Time,Senior,Palo Alto,USD,45000,0.07575757575757577,0.458663037193683,-0.038814263012661034
1753,Machine learning,Full Time,Entry,San Francisco,USD,140000,0.5555555555555556,-0.33100656813085944,0.9407735054968785
1756,Machine learning,Full Time,Mid,Paris,USD,51000,0.10606060606060605,-0.9608940239034172,-0.21674974315094236
1757,Machine learning,Full Time,Senior,US Remote,USD,183000,0.7727272727272728,0.5279909685053403,-0.12149702440155316
1763,Machine learning,Full Time,Senior,Beaverton,USD,63000,0.16666666666666666,0.4631215844407431,-0.05463335819905574
1767,Machine learning,Full Time,Senior,Remote,USD,45000,0.07575757575757577,0.47240046316256584,-0.07265532148209802
1769,Machine learning,Full Time,Senior,Toronto,USD,68000,0.1919191919191919,0.4642255891063755,-0.0583120713918171
1773,Machine learning,Internship,Senior,Sunnyvale,USD,63000,0.16666666666666666,0.42525894176095524,0.1868081586050227
1775,Machine learning,Full Time,Entry,Warszawa,USD,30000,0.0,-0.43449691169953997,1.0219618571106026
1776,Machine learning,Internship,Mid,Brooklyn,USD,63000,0.16666666666666666,-0.9509167011713816,-0.07405102579433617
1779,Machine learning,Full Time,Entry,Antwerp,USD,30000,0.0,-0.4364368043601153,1.0281983296621915
1786,Machine learning,Full Time,Mid,Dallas,USD,40000,0.0505050505050505,-0.9402506063712508,-0.2892132465356773
1788,Machine learning,Full Time,Senior,San Francisco,USD,45000,0.07575757575757577,0.4968094577362012,-0.05927427130589325
1789,Machine learning,Full Time,Mid,Remote job,USD,45000,0.07575757575757577,-0.9291767043406147,-0.2791102682513083
1795,Machine learning,Full Time,Senior,Bengaluru,USD,76000,0.23232323232323235,0.46345699296291565,-0.0902536056126658
1796,Machine learning,Full Time,Senior,London,USD,68000,0.1919191919191919,0.4559473981078824,-0.12264472963321797
1797,Machine learning,Full Time,Mid,Barcelona,USD,43000,0.06565656565656566,-0.9437855125613314,-0.2735483833579481
1799,Machine learning,Full Time,Senior,Remote,USD,76000,0.23232323232323235,0.48881355251338543,-0.0896216842377209
1800,Machine learning,Full Time,Senior,Paris | Remote,EUR,70000,0.20202020202020202,0.46579991014645056,-0.058123164132804925
1801,Machine learning,Full Time,Senior,Amsterdam,USD,120000,0.4545454545454546,0.49658375563482093,-0.08127534869869779
1803,Machine learning,Full Time,Senior,Amsterdam,USD,45000,0.07575757575757577,0.4568746684957415,-0.04022769687057805
1804,Machine learning,Full Time,Senior,Remote - Uruguay,USD,45000,0.07575757575757577,0.45253437101126537,-0.044359981751112235
1805,Machine learning,Full Time,Senior,Vietnam - Remote,USD,76000,0.23232323232323235,0.46898363953889505,-0.061426327904411035
1806,Machine learning,Full Time,Mid,Budapest,USD,45000,0.07575757575757577,-0.9333401355945203,-0.2835756862024833
1808,Machine learning,Full Time,Entry,Poznań,USD,30000,0.0,-0.4405865300006311,1.024983397055867
1809,Machine learning,Full Time,Senior,Singapore,USD,56000,0.1313131313131313,0.4534837940534642,-0.04130633355217924
1811,Machine learning,Full Time,Entry,Oslo,USD,30000,0.0,-0.4405900545184703,1.0249932470036414
1815,Machine learning,Full Time,Senior,London,USD,45000,0.07575757575757577,0.4437699447185646,-0.11005678307259459
1821,Machine learning,Full Time,Senior,Bangkok,USD,68000,0.1919191919191919,0.4754618529356147,-0.08031820796110802
1824,Machine learning,Full Time,Senior,United States,USD,45000,0.07575757575757577,0.4746015676428124,-0.05112699687462927
1825,Machine learning,Full Time,Senior,Bangkok,USD,63000,0.16666666666666666,0.47281458045967606,-0.07758169783923338
1827,Machine learning,Full Time,Senior,New York,USD,145000,0.5808080808080809,0.5098880506718698,-0.10123460710695438
1828,Machine learning,Full Time,Senior,tel aviv,USD,45000,0.07575757575757577,0.45253437101126537,-0.04435998175111214
1831,Machine learning,Full Time,Senior,United States,USD,145000,0.5808080808080809,0.527547017161585,-0.10585719931212224
1833,Machine learning,Full Time,Mid,Brampton,USD,43000,0.06565656565656566,-0.9575934655620272,-0.30213419077336406
1840,Machine learning,Full Time,Senior,Remote,USD,45000,0.07575757575757577,0.47240046316256584,-0.07265532148209802
1845,Machine learning,Full Time,Senior,Palo Alto,USD,45000,0.07575757575757577,0.458663037193683,-0.038814263012661034
1846,Machine learning,Full Time,Executive,New York City - Boston,USD,110000,0.4040404040404041,-0.278140487726098,0.21551401594582123
1848,Machine learning,Full Time,Senior,Bangkok,USD,63000,0.16666666666666666,0.47281458045967606,-0.07758169783923338
1849,Machine learning,Full Time,Senior,Remote,USD,45000,0.07575757575757577,0.47240046316256584,-0.07265532148209802
1852,Machine learning,Full Time,Mid,Markham,USD,43000,0.06565656565656566,-0.9333814960639699,-0.2828204869775723
1856,Machine learning,Full Time,Senior,Toronto,USD,120000,0.4545454545454546,0.4917572228561373,-0.08677177665931347
1857,Machine learning,Full Time,Senior,India,USD,45000,0.07575757575757577,0.4555832602908996,-0.04526012458436259
1859,Machine learning,Full Time,Senior,United States,USD,45000,0.07575757575757577,0.4746015676428124,-0.05112699687462927
1860,Machine learning,Full Time,Mid,Spain - Remote,USD,40000,0.0505050505050505,-0.9401379128245504,-0.2841723266164569
1861,Machine learning,Full Time,Senior,Remote,USD,45000,0.07575757575757577,0.47240046316256584,-0.07265532148209802
1864,Machine learning,Full Time,Mid,London,GBP,40000,0.0505050505050505,-0.9417036868442352,-0.345134528989753
1867,Machine learning,Full Time,Senior,San Francisco,USD,45000,0.07575757575757577,0.4968094577362012,-0.05927427130589325
1868,Machine learning,Full Time,Senior,Bengaluru,USD,45000,0.07575757575757577,0.44704390361209617,-0.07328724285704298
1870,Machine learning,Full Time,Senior,Tampere,USD,45000,0.07575757575757577,0.45253437101126537,-0.044359981751112186
1871,Machine learning,Full Time,Entry,Sofia,USD,30000,0.0,-0.43342563128296163,1.0215344384435652
1872,Machine learning,Full Time,Senior,US Remote,USD,163000,0.6717171717171717,0.5174018786015859,-0.11055098391405452
1873,Machine learning,Full Time,Senior,United States,USD,45000,0.07575757575757577,0.4746015676428124,-0.05112699687462927
1877,Machine learning,Full Time,Senior,London,USD,45000,0.07575757575757577,0.4437699447185646,-0.11005678307259459
1881,Machine learning,Full Time,Senior,Brooklyn,USD,196000,0.8383838383838385,0.5412400257183152,-0.13757050288495035
1883,Machine learning,Full Time,Senior,US Remote,USD,120000,0.4545454545454546,0.49463533530851356,-0.08701699686593257
1884,Machine learning,Full Time,Senior,United States,USD,63000,0.16666666666666666,0.4841317485561915,-0.060978433313377996
1885,Machine learning,Full Time,Senior,Remote - USA,USD,63000,0.16666666666666666,0.4631063790107174,-0.05459118112488711
1886,Machine learning,Full Time,Senior,United States,USD,45000,0.07575757575757577,0.4746015676428124,-0.05112699687462927
1887,Machine learning,Full Time,Senior,United States,USD,45000,0.07575757575757577,0.4746015676428124,-0.05112699687462927
1889,Machine learning,Full Time,Senior,Remote,USD,45000,0.07575757575757577,0.47240046316256584,-0.07265532148209802
1890,Machine learning,Full Time,Executive,United States,USD,43000,0.06565656565656566,-0.2909604831616735,0.24422038509788566
1896,Machine learning,Full Time,Senior,Canada,USD,45000,0.07575757575757577,0.4566352861807938,-0.04564228678114757
1900,Machine learning,Full Time,Mid,Cambridge,USD,30000,0.0,-0.9382577910774351,-0.27874708759022654
1905,Machine learning,Full Time,Senior,Indianapolis,USD,68000,0.1919191919191919,0.46781710596555637,-0.05800567039285048
1911,Machine learning,Full Time,Mid,Bengaluru,USD,63000,0.16666666666666666,-0.9262522745613859,-0.32095293533482483
1914,Machine learning,Full Time,Senior,Toronto,USD,45000,0.07575757575757577,0.4520481357170578,-0.045724124831193744
1920,Machine learning,Full Time,Senior,Work from Home,USD,45000,0.07575757575757577,0.45253437101126537,-0.04435998175111238
1923,Machine learning,Full Time,Senior,New York City,USD,81000,0.25757575757575757,0.48174283039112753,-0.08178067147466409
1924,Machine learning,Full Time,Senior,Munich,USD,45000,0.07575757575757577,0.44724985569532083,-0.05213579605611317
1927,Machine learning,Full Time,Mid,New York City,USD,43000,0.06565656565656566,-0.921202799512867,-0.2987974505874498
1928,Machine learning,Full Time,Senior,New York City; San Francisco,USD,141000,0.5606060606060607,0.5068291346118312,-0.09896997997090226
1929,Machine learning,Full Time,Entry,Seattle,USD,30000,0.0,-0.4281957462050292,1.02395110828253
1932,Machine learning,Full Time,Senior,Los Angeles,USD,103000,0.36868686868686873,0.4843313447567671,-0.07661303771272408
1934,Machine learning,Full Time,Mid,Lisbon,USD,63000,0.16666666666666666,-0.9187252358853617,-0.2950291130643124
1938,Machine learning,Full Time,Mid,Roppongi,USD,62000,0.16161616161616163,-0.940856644867001,-0.29300480915824756
1939,Machine learning,Full Time,Senior,Valencia,USD,68000,0.1919191919191919,0.4657653479712912,-0.05736013514992498
1941,Machine learning,Full Time,Senior,Remote,USD,100000,0.3535353535353536,0.5015204603978909,-0.10275693282271918
1946,Machine learning,Full Time,Senior,Remote Canada,USD,45000,0.07575757575757577,0.4545804379227869,-0.04500654237914166
1949,Machine learning,Full Time,Mid,South Jakarta,USD,43000,0.06565656565656566,-0.9364714668749944,-0.2841329114239212
1955,Machine learning,Full Time,Senior,Seattle,USD,68000,0.1919191919191919,0.47003772752199907,-0.04888783776210768
1958,Machine learning,Full Time,Senior,Canada,USD,45000,0.07575757575757577,0.4566352861807938,-0.04564228678114757
1960,Machine learning,Full Time,Senior,London,USD,63000,0.16666666666666666,0.45330012563194366,-0.11990821951134331
1961,Machine learning,Full Time,Mid,Roppongi,USD,62000,0.16161616161616163,-0.940856644867001,-0.29300480915824756
1972,Machine learning,Full Time,Senior,Mountain View,USD,56000,0.1313131313131313,0.4563729855268505,-0.02308103650390937
1975,Machine learning,Full Time,Senior,Palo Alto,USD,68000,0.1919191919191919,0.4708404905830005,-0.05140220957328443
1981,Machine learning,Full Time,Senior,Bengaluru,USD,68000,0.1919191919191919,0.4592213570014138,-0.08587518941766636
1985,Machine learning,Full Time,Senior,Dublin,USD,45000,0.07575757575757577,0.4545405818265632,-0.04489557529254957
1986,Machine learning,Full Time,Senior,Berlin,USD,68000,0.1919191919191919,0.4726935729515432,-0.07059213156915957
1987,Machine learning,Full Time,Senior,Atlanta,USD,76000,0.23232323232323235,0.4763761455308839,-0.06419037375968026
1988,Machine learning,Full Time,Mid,Mandaluyong,USD,43000,0.06565656565656566,-0.9344013787253349,-0.28247463161194836
1990,Machine learning,Full Time,Senior,Atlanta,USD,76000,0.23232323232323235,0.4763761455308839,-0.06419037375968026
1991,Machine learning,Full Time,Senior,Remote,USD,45000,0.07575757575757577,0.47240046316256584,-0.07265532148209802
1993,Machine learning,Full Time,Mid,Brampton,USD,43000,0.06565656565656566,-0.9575934655620281,-0.30213419077336434
1996,Machine learning,Full Time,Senior,London,USD,45000,0.07575757575757577,0.4437699447185646,-0.11005678307259459
1998,Machine learning,Full Time,Senior,San Francisco,USD,142000,0.5656565656565657,0.5481665437694103,-0.11236256767026138
1999,Machine learning,Full Time,Executive,Singapore,USD,43000,0.06565656565656566,-0.31790225619808654,0.2600613706884598
2001,Machine learning,Full Time,Senior,Toronto,USD,228000,1.0,0.5489383083364117,-0.14588039529180585
2003,Machine learning,Full Time,Senior,Bengaluru,USD,45000,0.07575757575757577,0.44704390361209617,-0.07328724285704298
2004,Machine learning,Full Time,Executive,San Francisco,USD,175000,0.7323232323232324,-0.19886459970350487,0.163829243449131
2006,Machine learning,Full Time,Mid,Greenville,USD,38000,0.040404040404040414,-0.939124587593251,-0.2813801793504463
2007,Machine learning,Full Time,Senior,San Jose,USD,56000,0.1313131313131313,0.4654581225722738,-0.051153310037569975
2010,Machine learning,Full Time,Senior,Bengaluru,USD,45000,0.07575757575757577,0.44704390361209617,-0.07328724285704298
2011,Machine learning,Full Time,Senior,San Francisco,USD,45000,0.07575757575757577,0.4968094577362012,-0.05927427130589325
2016,Machine learning,Full Time,Senior,Seoul,USD,68000,0.1919191919191919,0.4700168456432373,-0.04661100301657535
2017,Machine learning,Full Time,Entry,Seoul,USD,30000,0.0,-0.4282166280837907,1.026227943028062
2028,Machine learning,Full Time,Senior,San Jose,USD,45000,0.07575757575757577,0.4596341231252088,-0.04513298776944576
2031,Machine learning,Full Time,Senior,Brooklyn,USD,184000,0.7777777777777778,0.534886571776063,-0.13100287859245116
2032,Machine learning,Full Time,Senior,Bengaluru,USD,45000,0.07575757575757577,0.44704390361209617,-0.07328724285704298
2033,Machine learning,Full Time,Senior,San Jose,USD,45000,0.07575757575757577,0.4596341231252088,-0.04513298776944576
2034,Machine learning,Full Time,Mid,Berkeley,USD,43000,0.06565656565656566,-0.9344013787253349,-0.28247463161194886
2045,Machine learning,Full Time,Senior,Seoul,USD,45000,0.07575757575757577,0.45783939225391984,-0.03402305645595197
2047,Machine learning,Full Time,Senior,San Francisco,USD,142000,0.5656565656565657,0.5481665437694103,-0.11236256767026138
2049,Machine learning,Full Time,Senior,Santa Clara,USD,45000,0.07575757575757577,0.45907065212110926,-0.03244997489332044
2050,Machine learning,Full Time,Senior,Munich,USD,45000,0.07575757575757577,0.44724985569532083,-0.05213579605611317
2051,Machine learning,Full Time,Entry,Antwerp,USD,30000,0.0,-0.4364368043601153,1.0281983296621915
2053,Machine learning,Full Time,Mid,United States,USD,43000,0.06565656565656566,-0.9092837004344245,-0.2878466488649124
2054,Machine learning,Full Time,Senior,San Francisco,USD,172000,0.7171717171717172,0.5640501786250425,-0.12878162840150928
2055,Machine learning,Full Time,Senior,Sunnyvale,USD,56000,0.1313131313131313,0.4604656802375094,-0.03790329111213483
2056,Machine learning,Full Time,Senior,Lexington,USD,68000,0.1919191919191919,0.4667907139795835,-0.05768587359912671
2057,Machine learning,Full Time,Senior,Sunnyvale,USD,56000,0.1313131313131313,0.4604656802375094,-0.03790329111213483
2060,Machine learning,Full Time,Senior,London,USD,45000,0.07575757575757577,0.4437699447185646,-0.11005678307259459
2062,Machine learning,Full Time,Senior,New York City,USD,45000,0.07575757575757577,0.4626824685643694,-0.06207779859716662
2063,Machine learning,Full Time,Senior,Bangkok,USD,46000,0.0808080808080808,0.46381385404148456,-0.06827756342485959
2064,Machine learning,Full Time,Senior,Portugal,USD,45000,0.07575757575757577,0.45253437101126526,-0.04435998175111242
2065,Machine learning,Internship,Entry,Santa Clara,USD,36000,0.030303030303030304,-0.4627215611883428,1.253059776332226
2066,Machine learning,Full Time,Mid,London,GBP,65000,0.17676767676767677,-0.9284673244645422,-0.3588170795991263
2069,Machine learning,Full Time,Senior,Boston,USD,115000,0.4292929292929293,0.5009302548624339,-0.08468092397261757
2072,Machine learning,Full Time,Senior,Pune,USD,45000,0.07575757575757577,0.45354000692082563,-0.047021414547331546
2074,Machine learning,Full Time,Senior,San Francisco,USD,142000,0.5656565656565657,0.5481665437694103,-0.11236256767026138
2075,Machine learning,Full Time,Senior,Delhi,USD,76000,0.23232323232323235,0.4721056096945577,-0.06253183587398818
2079,Machine learning,Full Time,Mid,Warsaw,USD,43000,0.06565656565656566,-0.9406112691728531,-0.2931283748097934
2081,Machine learning,Full Time,Senior,Bangkok,USD,46000,0.0808080808080808,0.46381385404148456,-0.06827756342485959
2083,Machine learning,Full Time,Mid,Kraków,USD,43000,0.06565656565656566,-0.9353144435541114,-0.27065251664264994
2090,Machine learning,Full Time,Senior,Bengaluru,USD,68000,0.1919191919191919,0.4592213570014138,-0.08587518941766636
2094,Machine learning,Full Time,Senior,Wrocław,USD,45000,0.07575757575757577,0.4535340907526516,-0.04462294663453996
2098,Machine learning,Full Time,Senior,Wrocław,USD,45000,0.07575757575757577,0.4535340907526516,-0.04462294663453996
2099,Machine learning,Full Time,Senior,New York City,USD,119000,0.4494949494949495,0.5018621012082612,-0.10257814840091144
2100,Machine learning,Full Time,Senior,San Francisco,USD,147000,0.5909090909090909,0.5508138162453493,-0.115099077792136
2101,Machine learning,Full Time,Senior,Basel,USD,45000,0.07575757575757577,0.45666825483680734,-0.04573477451158558
2105,Machine learning,Full Time,Senior,Palo Alto,USD,45000,0.07575757575757577,0.458663037193683,-0.038814263012661034
2106,Machine learning,Full Time,Senior,Abu Dhabi,USD,68000,0.1919191919191919,0.45856714601420023,-0.06216091635225049
2107,Machine learning,Full Time,Senior,India,USD,68000,0.1919191919191919,0.4677607136802173,-0.05784807114498597
2109,Machine learning,Internship,Senior,United States,USD,45000,0.07575757575757577,0.43568864769994414,0.17741556701315275
2111,Machine learning,Full Time,Senior,České Budějovice,USD,68000,0.1919191919191919,0.46473866701563576,-0.057022109542269724
2114,Machine learning,Full Time,Senior,San Francisco,USD,68000,0.1919191919191919,0.508986911125519,-0.0718622178665166
2118,Machine learning,Full Time,Mid,Toulouse,USD,30000,0.0,-0.943378937930169,-0.2769498529102885
2119,Machine learning,Full Time,Senior,Ballerup,USD,76000,0.23232323232323235,0.46898363953889505,-0.0614263279044106
2122,Machine learning,Full Time,Senior,Vero Beach,USD,45000,0.07575757575757577,0.4535340907526515,-0.04462294663455349
2124,Machine learning,Full Time,Mid,Ho Chi Minh City,USD,38000,0.040404040404040414,-0.9370544865523723,-0.27972199513561014
2130,Machine learning,Full Time,Entry,Paris,USD,30000,0.0,-0.46730041212539297,1.084599324518354
2134,Machine learning,Internship,Entry,Palo Alto,USD,30000,0.0,-0.46630590308689557,1.249979300359135
2139,Machine learning,Full Time,Senior,Poland,USD,45000,0.07575757575757577,0.45458043792278624,-0.045006542378818855
2144,Machine learning,Full Time,Senior,UK/EU or compatible timezone (Remote),USD,45000,0.07575757575757577,0.45253437101126537,-0.044359981751112505
2147,Machine learning,Full Time,Senior,San Francisco,USD,45000,0.07575757575757577,0.4968094577362012,-0.05927427130589325
2149,Machine learning,Full Time,Mid,Brampton,USD,43000,0.06565656565656566,-0.9575934655620281,-0.30213419077336434
2161,Machine learning,Full Time,Senior,Remote,USD,68000,0.1919191919191919,0.4845779165518837,-0.08524326804272142
2170,Machine learning,Full Time,Entry,Stuttgart,USD,30000,0.0,-0.43641464015221615,1.0320496526304035
2172,Machine learning,Full Time,Senior,Toronto,USD,45000,0.07575757575757577,0.4520481357170578,-0.045724124831193744
2178,Machine learning,Full Time,Senior,United States,USD,45000,0.07575757575757577,0.4746015676428124,-0.05112699687462927
2180,Machine learning,Full Time,Senior,Remote,USD,45000,0.07575757575757577,0.47240046316256584,-0.07265532148209802
2181,Machine learning,Full Time,Mid,Ann Arbor,USD,90000,0.3030303030303031,-0.9104534965718628,-0.31053702329458155
2188,ML Ops,Full Time,Mid,US east coast,USD,124000,0.4747474747474748,-0.893390321471381,-0.3290061885820295
2189,ML Ops,Full Time,Entry,North Sydney,USD,35000,0.02525252525252525,-0.43282166413133394,1.0193864810980913
2190,ML Ops,Full Time,Senior,Berlin,USD,62000,0.16161616161616163,0.4695168459804166,-0.06730831942291002
2191,ML Ops,Full Time,Mid,Malvern,USD,56000,0.1313131313131313,-0.929552299335185,-0.2913484138407997
2201,ML Ops,Full Time,Mid,London,USD,43000,0.06565656565656566,-0.9401153233586717,-0.3467764350628778
2202,ML Ops,Full Time,Mid,Santiago de Querétaro,USD,45000,0.07575757575757577,-0.9343844502864903,-0.28561469579274984
2205,ML Ops,Full Time,Mid,La Libertad,USD,45000,0.07575757575757577,-0.9374789179673694,-0.28694147411639737
2206,ML Ops,Full Time,Mid,Santiago,USD,45000,0.07575757575757577,-0.9343844502864903,-0.2856146957918809
2208,ML Ops,Full Time,Senior,San Francisco,USD,68000,0.1919191919191919,0.508986911125519,-0.0718622178665166
2225,ML Ops,Full Time,Entry,San Diego,USD,58000,0.1414141414141414,-0.4216625504311058,1.0047918187787792
2232,ML Ops,Full Time,Senior,Toronto,USD,45000,0.07575757575757577,0.4520481357170578,-0.045724124831193744
2237,ML Ops,Full Time,Senior,New York City; San Francisco,USD,141000,0.5606060606060607,0.5068291346118312,-0.09896997997090226
2239,ML Ops,Full Time,Senior,New York City / Remote,USD,55000,0.12626262626262627,0.45784058666533917,-0.049865254703789295
2240,ML Ops,Full Time,Senior,Remote,USD,100000,0.3535353535353536,0.5015204603978909,-0.10275693282271918
2243,ML Ops,Full Time,Senior,Toronto,USD,228000,1.0,0.5489383083364117,-0.14588039529180585
2249,ML Ops,Full Time,Senior,Boston,USD,115000,0.4292929292929293,0.5009302548624339,-0.08468092397261757
2250,ML Ops,Full Time,Senior,Delhi,USD,76000,0.23232323232323235,0.4721056096945577,-0.06253183587398817
2255,ML Ops,Full Time,Senior,San Francisco,USD,68000,0.1919191919191919,0.508986911125519,-0.0718622178665166
2259,ML Ops,Internship,Senior,New York City,USD,135000,0.5303030303030304,0.471420453188397,0.11720758309687132
